source_id,language,factorization,seed,selected_context_order,validation_tokens,validation_events,recomputed_competitor_bits_per_event,recomputed_trigram_bits_per_event,recomputed_delta_bits_per_event,total_token_markov_bits,total_matched_trigram_bits,total_delta_bits,stored_competitor_bits_per_event,stored_trigram_bits_per_event,stored_delta_bits_per_event,competitor_abs_error,trigram_abs_error,delta_abs_error,parity_tolerance,parity_pass,phase3a5_strong_direction_match,phase3a5_direction_match,phase3a5_ci_95_lower,phase3a5_ci_95_upper,control_corpus_sha256,control_key_sha256
french_profiterole_ud218,French,1x16,40814041438,1,2954,20655,2.5295864705733657,2.517377102686979,0.012209367886386602,52248.60854969287,51996.42405599955,252.18449369331938,2.529586470573373,2.5173771026869756,0.01220936788639726,7.105427357601002e-15,3.552713678800501e-15,1.0658141036401503e-14,1e-09,True,False,True,-0.0040458606309052405,0.02743456757641582,8bc2eacad24693c539b668d8529b2178cd7134b3dbbce8f1e9cdce519d6d73ba,ec62d49876683f9fa9c73a69cd5f49393f94e90df36dc50b1610cb0f5b211c97
french_profiterole_ud218,French,1x16,40814041439,1,2954,20655,2.5289017752597935,2.5177055843640113,0.011196190895782276,52234.466167991035,52003.20884503865,231.25732295238413,2.5289017752597887,2.5177055843640033,0.011196190895785385,4.884981308350689e-15,7.993605777301127e-15,3.1086244689504383e-15,1e-09,True,False,True,-0.004843684111296487,0.02708373322203645,180be2412fca06cc7b69553990597546e901e4b3fb94a6af413ed819e8e056a1,75693d9c516d154608c7b74bc3e8223430bfe8e5698fd2eb7326a46f4f695623
french_profiterole_ud218,French,1x16,40814041440,1,2954,20655,2.5186550092258173,2.517411363878388,0.0012436453474293785,52022.819215559255,51997.1317209081,25.68749465115252,2.518655009225816,2.517411363878379,0.001243645347436928,1.3322676295501878e-15,8.881784197001252e-15,7.549516567451064e-15,1e-09,True,False,True,-0.01638932751008403,0.01735469812036033,f7fa3f686c5b9e036664517da641cdf2848cf88e8340447d924285c51b05b167,d5c63e145916df89f7ff745cbbfd3508502a4d481faa13dcce3e9834b0eec30b
french_profiterole_ud218,French,1x16,40814041441,1,2954,20655,2.52905861195601,2.518932135306595,0.010126476649414684,52237.705629951386,52028.54325475772,209.16237519366405,2.5290586119560126,2.5189321353065988,0.010126476649413796,2.6645352591003757e-15,3.552713678800501e-15,8.881784197001252e-16,1e-09,True,False,True,-0.006090312804149478,0.026358509685117926,38e757eeefd7bf03193e23c39da991bcf960fec8f78a8c31444df936b0786360,8be17a66c8ec67475ccb21501bec46d30226a85ad25ed9148afc8ad6e5d09277
french_profiterole_ud218,French,1x16,40814041442,1,2954,20655,2.525844608172717,2.5173339805354793,0.008510627637237533,52171.32038180747,51995.53336796032,175.78701384714805,2.5258446081727146,2.517333980535481,0.008510627637233537,2.220446049250313e-15,1.7763568394002505e-15,3.9968028886505635e-15,1e-09,True,False,True,-0.007109006717858512,0.023686410802056943,9a70e7dc5315e7dd2d72ff3e81e957881b89efddfe10479268867120a3a4aee0,54c6ebe5d1f672bbe33ba46a8c5b1c9f31dc2ffdad2c02fef68d5beea598b48b
french_profiterole_ud218,French,2x8,40814041438,1,2954,20655,2.5301330520824474,2.5184371531218575,0.011695898960589979,52259.89819076295,52018.31939773197,241.57879303098161,2.530133052082446,2.518437153121857,0.01169589896058909,1.3322676295501878e-15,4.440892098500626e-16,8.881784197001252e-16,1e-09,True,False,True,-0.004492702123660829,0.027034569724033394,847c3c46156ad81d7e06f4c8a5ee9c00cd6c64f35a6f5de132457f83e0001925,c4ea693ed8673e092b99c82d97f6542e25616732d694395ac500b2e1894940f8
french_profiterole_ud218,French,2x8,40814041439,1,2954,20655,2.52989842234994,2.519305367177596,0.010593055172344101,52255.05191363802,52036.252359053244,218.79955458477343,2.529898422349946,2.5193053671775933,0.010593055172352539,5.773159728050814e-15,2.6645352591003757e-15,8.43769498715119e-15,1e-09,True,False,True,-0.005619776802954589,0.026458841426016223,cb773025b71cc444bee59f0616933d8317b3ce910346c1603a5a115225f0340a,132c0f3641fcb0827d81db93803e81200f695300d584e47de50a019373a91d61
french_profiterole_ud218,French,2x8,40814041440,1,2954,20655,2.52033319136016,2.519284721410817,0.001048469949342934,52057.48206754411,52035.825920740426,21.656146803681622,2.5203331913601628,2.519284721410822,0.0010484699493407135,2.6645352591003757e-15,4.884981308350689e-15,2.220446049250313e-15,1e-09,True,False,True,-0.016319557041811195,0.017389093501394323,4504f7e256c6fcbdaf615adba26de0bc48e655e6e21056d520268d0d189db890,f997aebf0a680839eba91f71af769fdab1cdafa794e5a8f552bd670e75b418e1
french_profiterole_ud218,French,2x8,40814041441,1,2954,20655,2.529703346812944,2.520145288790677,0.009558058022267168,52251.022628421364,52053.60093997143,197.42168844993284,2.5297033468129437,2.5201452887906775,0.00955805802226628,4.440892098500626e-16,4.440892098500626e-16,8.881784197001252e-16,1e-09,True,False,True,-0.006457671497678086,0.025436084250177047,440e5b6f50ab1b7e93f99592ba7be5afeaef2c515f91362274ca33721143773f,fde95b0bd397a0fe4c7952e3b58d5cbb6e10fb3476d8db60194e2cf993a288fc
french_profiterole_ud218,French,2x8,40814041442,1,2954,20655,2.5269113244766985,2.518620392674095,0.008290931802603652,52193.353407066206,52022.10421068343,171.24919638277788,2.526911324476693,2.518620392674093,0.008290931802600099,5.329070518200751e-15,1.7763568394002505e-15,3.552713678800501e-15,1e-09,True,False,True,-0.007923767193183816,0.023325913146098047,ff2ca3646e9808f5a0a63d957178128d09338636fb11b8382e2c8e537cbf7831,5e6b10f45462af09c2903022025cc1610313153ff09c83a2909d87e9462185a0
french_profiterole_ud218,French,4x4,40814041438,1,2954,20655,2.5314010343038,2.5203018921722458,0.011099142131554274,52286.088363544986,52056.83558281774,229.25278072724905,2.531401034303802,2.5203018921722555,0.01109914213154628,1.7763568394002505e-15,9.769962616701378e-15,7.993605777301127e-15,1e-09,True,False,True,-0.0049343660750991725,0.0266661084476175,6329c7dcd366eea11079295776a9899422670896754295e6005bef2d2b72a072,056c537fd134fee5e8a0998a85905d10597cec14758a683e81f4a059666fe925
french_profiterole_ud218,French,4x4,40814041439,1,2954,20655,2.5317810518154964,2.521649849201861,0.010131202613635537,52293.93762524908,52084.67763526444,209.2599899846391,2.531781051815492,2.521649849201856,0.010131202613635981,4.440892098500626e-15,4.884981308350689e-15,4.440892098500626e-16,1e-09,True,False,True,-0.006083420940166228,0.02570883663352564,8cf5fd5ed9d31cfc2be8ca676537878528365b8e8ea3cc0b2fad1fefb8b0d121,4766c0b5404c2d5f723bb75b5f8a74aa1b1d649cfe43f59d984927c5edea441c
french_profiterole_ud218,French,4x4,40814041440,1,2954,20655,2.5224087204585746,2.521707950382196,0.0007007700763783653,52100.35212107185,52085.87771514426,14.474405927590851,2.522408720458579,2.5217079503821984,0.0007007700763805857,4.440892098500626e-15,2.220446049250313e-15,2.220446049250313e-15,1e-09,True,False,True,-0.016573059635448417,0.017371956293152285,4cee17d35d2314a33206905e616df7e240e94dffc9909f290a329a76e5c625c4,9640832e3c91ff2044e30eae0838e1e300fafea4829b1b182f8bae29181dff08
french_profiterole_ud218,French,4x4,40814041441,1,2954,20655,2.531106219177516,2.5222051742484415,0.008901044929074509,52279.998957111595,52096.14787410156,183.85108301003493,2.5311062191775138,2.5222051742484424,0.0089010449290714,2.220446049250313e-15,8.881784197001252e-16,3.1086244689504383e-15,1e-09,True,False,True,-0.007762565520912689,0.02435888924376026,882b1b3bd68ef15712e63fa3b58142a2a92e9aaec4d960a764d070017755f6cb,d4bd237b8e894edfa7ed07dafc9e92e8406fe2d7a89d937f696368a3bb12744f
french_profiterole_ud218,French,4x4,40814041442,1,2954,20655,2.528994414497709,2.5213945658184262,0.007599848679282761,52236.37963145018,52079.404756979595,156.97487447058666,2.5289944144977055,2.5213945658184285,0.007599848679276988,3.552713678800501e-15,2.220446049250313e-15,5.773159728050814e-15,1e-09,True,False,True,-0.008131028951599761,0.022673331845281326,4df38b37f7b805bd626852472a0e729d8b4b7beb24e77859ce2614021696ee4d,660406fa8d1334d19500d6de655f54b320352c6a0d0d449cfcc299214183e70b
german_rem_v21,German,1x16,40814041438,1,2963,19785,2.5869976570260964,2.5087503768282358,0.07824728019786065,51183.748644261315,49635.62620554664,1548.1224387146722,2.5869976570260906,2.5087503768282353,0.07824728019785532,5.773159728050814e-15,4.440892098500626e-16,5.329070518200751e-15,1e-09,True,True,True,0.06732812812890442,0.08880542535898411,e17e950ea1cef920c067edd4b92a2e01c30bd222ae4bd71abc8c99eeec9604e9,8f4d21e485f39a9531b955b56b3b6c7428c562cdb528a1b356b795ad64e0bcd0
german_rem_v21,German,1x16,40814041439,1,2963,19785,2.582671225088617,2.5081888257106444,0.07448239937797263,51098.15018837829,49624.5159166851,1473.6342716931904,2.5826712250886157,2.5081888257106497,0.07448239937796597,1.3322676295501878e-15,5.329070518200751e-15,6.661338147750939e-15,1e-09,True,True,True,0.06345538813515834,0.08524945697849097,426bb8b6857918fab5397d57d5637b48b7093a19a2297dab0723cac3af88ddbf,9857dac385dd68799c5e382c2c594f623dcbfffaebcf1675f09c6088abb13e16
german_rem_v21,German,1x16,40814041440,1,2963,19785,2.585617592132154,2.5100541672290273,0.07556342490312673,51156.44406033467,49661.421698626305,1495.0223617083611,2.5856175921321523,2.5100541672290326,0.07556342490311962,1.7763568394002505e-15,5.329070518200751e-15,7.105427357601002e-15,1e-09,True,True,True,0.06441723977900367,0.08623018865998275,c6d8e4dc19389527a8ad398540974ede65ac80e5f5b3dc3d0428713045d066de,f57ab7378e9e465332c1f0a2dcae20091185add4d907563f1e4579ad270bc61e
german_rem_v21,German,1x16,40814041441,1,2963,19785,2.589019409209985,2.5086049653148343,0.08041444389515062,51223.74901121955,49632.749238754,1590.999772465555,2.5890194092099783,2.5086049653148343,0.08041444389514396,6.661338147750939e-15,0.0,6.661338147750939e-15,1e-09,True,True,True,0.06955337898005592,0.0907983800882823,0ba340b7b8342c9dd9bb701ed1132c6801d03ebd75f93aeb8837da35e447ebe9,8b0e1a3283e0a9d17e359b4f59c356c69a17902d5226329005234814ccfed904
german_rem_v21,German,1x16,40814041442,1,2963,19785,2.5853955212291724,2.5073953357437273,0.07800018548544507,51152.05038751918,49608.816717689646,1543.233669829533,2.5853955212291706,2.5073953357437286,0.07800018548544196,1.7763568394002505e-15,1.3322676295501878e-15,3.1086244689504383e-15,1e-09,True,True,True,0.06741343273529772,0.08807373082724465,392499f5f5d85a8dcf158b612023fadf38edb56d5d2d31a1c54cf7c31b80971b,03658cc25867650901a6e6b2fb116d83e8bbaded8f710314cb27f1c08406242b
german_rem_v21,German,2x8,40814041438,1,2963,19785,2.5882855919458807,2.510609713707539,0.07767587823834177,51209.230436649246,49672.413185703655,1536.8172509455908,2.58828559194588,2.510609713707537,0.07767587823834265,8.881784197001252e-16,1.7763568394002505e-15,8.881784197001252e-16,1e-09,True,True,True,0.06667255494859266,0.08803660469113057,1823cd83cf7ba9a5c8e4b57b7f15924c853bdf7382109a2ccd1bafaed5d96cfc,c842e6c3e1fbcf899676f6eec9c904b05fc4a3958193c5e1dc38e2bcde2eb098
german_rem_v21,German,2x8,40814041439,1,2963,19785,2.584439272508136,2.510290140295934,0.07414913221220232,51133.13100657347,49666.09042575505,1467.0405808184223,2.5844392725081367,2.5102901402959317,0.07414913221220498,4.440892098500626e-16,2.220446049250313e-15,2.6645352591003757e-15,1e-09,True,True,True,0.06308866658811713,0.08459723506961683,676225b1a98886ff61bd027b33ea89d25e211f35ac5375ea2fed83fbc726eb29,c70b21ca4cdbcb6c433803ed44988261ddd4035bb21a33cdcff39e8c2fb068b2
german_rem_v21,German,2x8,40814041440,1,2963,19785,2.5868440375314288,2.5112664945660295,0.07557754296539931,51180.70928255932,49685.407594988894,1495.301687570427,2.586844037531434,2.511266494566034,0.0755775429654002,5.329070518200751e-15,4.440892098500626e-15,8.881784197001252e-16,1e-09,True,True,True,0.06479422236506535,0.08656379743339251,e9b4b7e9aa171a22a8d7d7da781d2680de7f429758c192a369130e8c34795ff6,1494b70345603250dd636ab055a335319b83119dccbbb8d1dc4d348db618e89c
german_rem_v21,German,2x8,40814041441,1,2963,19785,2.5903027496222513,2.510124767302245,0.08017798232000617,51249.13990127624,49662.81852107492,1586.3213802013197,2.5903027496222553,2.510124767302249,0.08017798232000617,3.9968028886505635e-15,3.9968028886505635e-15,0.0,1e-09,True,True,True,0.06891115077506797,0.09068649215625754,2a85a8b982e5233950c6dfa9b9d403627382a21d101cead902109e87668f69bb,ecdb203c072fe4a89e2352cfbb8d3b2c2501333c3cefb3ccb273380ca8101419
german_rem_v21,German,2x8,40814041442,1,2963,19785,2.586541844695918,2.508896195507406,0.07764564918851224,51174.73039730874,49638.511228114025,1536.2191691947155,2.586541844695919,2.5088961955074036,0.07764564918851535,8.881784197001252e-16,2.220446049250313e-15,3.1086244689504383e-15,1e-09,True,True,True,0.06691343241561337,0.08810628494789181,9a820044fca600bf5c3be4e9c4006bf7ac6b4404171ff46ee340352f019965d8,68e11ca8bdc5583eb052fd512a3c99d00026db4073e9d2ad64f1aeb94a8957d1
german_rem_v21,German,4x4,40814041438,1,2963,19785,2.5904036469395124,2.5132018876455864,0.07720175929392603,51251.13615469825,49723.69934706792,1527.436807630329,2.5904036469395058,2.5132018876455837,0.07720175929392203,6.661338147750939e-15,2.6645352591003757e-15,3.9968028886505635e-15,1e-09,True,True,True,0.06616158223373811,0.08807973396252836,1cf1a411a77c1b77d35086ad6ec606f1ac63ca14096c6a2be5912c70ddbfc435,3b96120b33ed59be989eac8d51015d50e7c674590a4283d34fc915877924a636
german_rem_v21,German,4x4,40814041439,1,2963,19785,2.5872931290553174,2.512986050203853,0.07430707885146459,51189.59455835946,49719.42900328323,1470.1655550762298,2.587293129055316,2.5129860502038452,0.07430707885147081,1.3322676295501878e-15,7.549516567451064e-15,6.217248937900877e-15,1e-09,True,True,True,0.06340906029674769,0.08503764027512602,45730df641da516c0d8453c50fe757b94fc38e0079aa9685f8515af1cb16ba4b,79d44a1849d2fbfe6487675204c16b0691e0ce547a9f6720b7e0185bf45143cc
german_rem_v21,German,4x4,40814041440,1,2963,19785,2.5895183178238868,2.514400461304109,0.07511785651977787,51233.6199181456,49747.413126901796,1486.206791243807,2.5895183178238943,2.5144004613041107,0.07511785651978364,7.549516567451064e-15,1.7763568394002505e-15,5.773159728050814e-15,1e-09,True,True,True,0.06392552475893101,0.08570653455363957,22a17df819e861977b17ac5909a92a4a4089b5962c3a85c1cd4cf88e2ec03a30,c474d3340a34b81fb16d48c521e77734111db74aab0f1d46ea2c8ac7d89cedd1
german_rem_v21,German,4x4,40814041441,1,2963,19785,2.592038558898185,2.5121000576725074,0.0799385012256777,51283.482887800594,49701.89964105056,1581.5832467500368,2.5920385588981842,2.5121000576725137,0.07993850122567059,8.881784197001252e-16,6.217248937900877e-15,7.105427357601002e-15,1e-09,True,True,True,0.06910271074003624,0.09061447826597215,e3ed61b36cf3d2c61e31b2e58df61f1d180264e041680cfdfdb129103f83b12d,a5219d03cd1a7c798c55c2adf2b6dcc56149d616af95536f9f3063dcae63ce48
german_rem_v21,German,4x4,40814041442,1,2963,19785,2.5882881367055592,2.511131720521492,0.07715641618406721,51209.280784719485,49682.741090517724,1526.5396942017614,2.5882881367055663,2.5111317205214907,0.07715641618407565,7.105427357601002e-15,1.3322676295501878e-15,8.43769498715119e-15,1e-09,True,True,True,0.06652220916009885,0.08743105981976443,36561c624e82f52aa6dab8ac8628097e4327854698e1edcf9ea311569c8ab199,c690a93d021d0cc583456a5acd987dbc3452055ab6c63e62bdbc127628da6f06
italian_old_ud218,Italian,1x16,40814041438,1,2825,19384,2.575024228992256,2.4991757452729657,0.0758484837192901,49914.26965478589,48444.022646371166,1470.2470084147208,2.575024228992256,2.4991757452729666,0.0758484837192892,0.0,8.881784197001252e-16,8.881784197001252e-16,1e-09,True,True,True,0.0660370625974224,0.0853142147094993,7b4136a9e71860faae7094ec9cb33514517c2f32154b483b135b51306fa8c3b0,c4fd298243eb77104d2c742cab3ffa5925abdbef184c068c15164a1a53f171cc
italian_old_ud218,Italian,1x16,40814041439,1,2825,19384,2.563872116838806,2.4994945148280867,0.0643776020107194,49698.09711280342,48450.201675427634,1247.8954373757879,2.5638721168388074,2.4994945148280805,0.06437760201072695,1.3322676295501878e-15,6.217248937900877e-15,7.549516567451064e-15,1e-09,True,True,True,0.05063612513785779,0.07771739981260722,476e7dcfeae6d0d587de5c753129523cfa8fc55b0ac67bba069aaaca5933b87f,613b2b9f8fb8257d7721f507d2d8b49169ebdfa52e79f52d8a66ff8391b644ee
italian_old_ud218,Italian,1x16,40814041440,1,2825,19384,2.5621831262555195,2.499277889710686,0.06290523654483327,49665.35771933699,48446.00261415194,1219.3551051850518,2.5621831262555244,2.4992778897106898,0.0629052365448346,4.884981308350689e-15,3.552713678800501e-15,1.3322676295501878e-15,1e-09,True,True,True,0.04922893681917608,0.07576102868434756,5a3d9516ce5648d192db7f2aa081897f861a35ca3c36ae45b75a3a28e19eabd3,79196b60fc52cfe46ad5d7aae157e7c8dcc66013d754a16ca090e0100a1ef4e7
italian_old_ud218,Italian,1x16,40814041441,1,2825,19384,2.566141826191201,2.498727420543198,0.0674144056480026,49742.09315889024,48435.33231980936,1306.7608390808819,2.566141826191199,2.498727420543192,0.06741440564800705,1.7763568394002505e-15,6.217248937900877e-15,4.440892098500626e-15,1e-09,True,True,True,0.05630894757068181,0.07834472942016515,92f1442488c204bc27efe6fb3543f3ce5db88b7af1d413eb5e78ca989a82a539,23f13aa4144c8190b7d98277bfc5c8f3506bad6dfe4527d123fd371739a5ec05
italian_old_ud218,Italian,1x16,40814041442,1,2825,19384,2.5632568495464656,2.5000058572011348,0.06325099234533083,49686.17077160869,48460.1135359868,1226.0572356218909,2.563256849546474,2.5000058572011343,0.06325099234533971,8.43769498715119e-15,4.440892098500626e-16,8.881784197001252e-15,1e-09,True,True,True,0.05086627241952916,0.07557058208392554,055ee27f5e5d60e35c5ee2fba322a4051a955502aa446ef81bcec173dda0746f,3268b5610de2818dbee191abbb6fed16a6e45af9b6b70a74a5499ea626f76d44
italian_old_ud218,Italian,2x8,40814041438,1,2825,19384,2.5755731997830376,2.49978172631792,0.0757914734651175,49924.9109045944,48455.76898294656,1469.141921647839,2.5755731997830393,2.4997817263179294,0.07579147346510995,1.7763568394002505e-15,9.325873406851315e-15,7.549516567451064e-15,1e-09,True,True,True,0.0658815089921747,0.08566097369382081,6826bb40c4c80ff17225b86b04bef35d976540acf96cca1d4a23bfe65fa4b064,976f58ad8beb54dbd604fa6e7d995765283c3090b53a596580b5b8686a6f759a
italian_old_ud218,Italian,2x8,40814041439,1,2825,19384,2.5648807078262856,2.5008810147872382,0.0639996930390474,49717.64764050472,48477.077590635825,1240.5700498688966,2.5648807078262945,2.500881014787239,0.0639996930390554,8.881784197001252e-15,8.881784197001252e-16,7.993605777301127e-15,1e-09,True,True,True,0.050339703539642386,0.07731096021347764,ce805fad5de3482923013ae871df01ef02dd6568576a52358659208d508c7be4,18b706d3b296c7ae0fcedc9479dde3f1a2e6c0ec409284bf5080aae0b4ad28f1
italian_old_ud218,Italian,2x8,40814041440,1,2825,19384,2.562704660401769,2.4999868238825136,0.06271783651925533,49675.46713722789,48459.74459413864,1215.7225430892504,2.562704660401768,2.4999868238825136,0.06271783651925444,8.881784197001252e-16,0.0,8.881784197001252e-16,1e-09,True,True,True,0.049340622959324607,0.07572941496661514,74c258f97d4d1124514c3e7c40bf688fe2a4adbe86e82fcc1b5997e21b40ead6,61ef62384b5763d8c525a2c5207e35332ae319cf894e2f08233bd2edf4ed2362
italian_old_ud218,Italian,2x8,40814041441,1,2825,19384,2.566717877763752,2.49974679411787,0.06697108364588189,49753.25934257257,48455.09185718079,1298.1674853917793,2.566717877763748,2.499746794117865,0.06697108364588322,3.9968028886505635e-15,5.329070518200751e-15,1.3322676295501878e-15,1e-09,True,True,True,0.05592614580154618,0.07786154059751162,38d6f642bf6d2b49c9a3ed2ea0b5542d42c794a5efb08dd764356bd44e83cfa2,6862d315073d87b94e30162474a3b7453ab3feb500e1389b3eef94c4ccfacf7e
italian_old_ud218,Italian,2x8,40814041442,1,2825,19384,2.564013992533136,2.501016678785231,0.06299731374790518,49700.84723126231,48479.70730157292,1221.1399296893942,2.5640139925331313,2.5010166787852377,0.06299731374789364,4.884981308350689e-15,6.661338147750939e-15,1.1546319456101628e-14,1e-09,True,True,True,0.05088312180017205,0.07503792234536065,8bedf3706399b8ec8add00d85ad1907a17dad2462d0619747bce92ed9278e317,b84d6404708f690484c6689ee3b8d3230d87b1c218a1997aabf4c38a42b9e11b
italian_old_ud218,Italian,4x4,40814041438,1,2825,19384,2.5768933202172013,2.501420625865089,0.07547269435211224,49950.50011909023,48487.537411768884,1462.9627073213487,2.5768933202171924,2.5014206258650913,0.07547269435210113,8.881784197001252e-15,2.220446049250313e-15,1.1102230246251565e-14,1e-09,True,True,True,0.06574858479133146,0.08520353029122288,4df6723948a99074b5a2e487377a286fa2f159cd045a2585f9a740fbdd7c03ec,212edea4a49303ff62fcf1b1e06d6ae87dbea9ac7108e2035e94c86b7f39ff12
italian_old_ud218,Italian,4x4,40814041439,1,2825,19384,2.5673945716008526,2.5040532127508492,0.06334135885000336,49766.37637591093,48538.56747596246,1227.808899948468,2.5673945716008566,2.504053212750849,0.0633413588500078,3.9968028886505635e-15,4.440892098500626e-16,4.440892098500626e-15,1e-09,True,True,True,0.04977121964731064,0.07686306108444135,b13014292eccd78d0a7bc2bd8f3e54f24b5b65798576ac546c652a032b0446d5,5da8bbf04bde1ce0eb1dfb10cdb4b3ea65b2dacc5029f2b0319762bdb1d04f15
italian_old_ud218,Italian,4x4,40814041440,1,2825,19384,2.564875542257135,2.5022310358461484,0.06264450641098662,49717.5475111123,48503.246398841744,1214.3011122705575,2.564875542257139,2.502231035846154,0.06264450641098485,3.9968028886505635e-15,5.773159728050814e-15,1.7763568394002505e-15,1e-09,True,True,True,0.04894981206287609,0.07566492880146171,5c6ee3c808170c784e7bbff4582259996bedb8b43543219f64d54cd74fa9acce,5367e68cd83f97db9554893df593360b060635e8897cf785c6e864453140461d
italian_old_ud218,Italian,4x4,40814041441,1,2825,19384,2.568092880760387,2.5012873765301777,0.06680550423020915,49779.91240065934,48484.954506660964,1294.9578939983767,2.5680928807603833,2.501287376530174,0.06680550423020915,3.552713678800501e-15,3.552713678800501e-15,0.0,1e-09,True,True,True,0.055831203570567624,0.07766228853104651,6012bc0f538cfbc02b499c7cb901e5c57cc5cd57751c922550aaf461f10fbf3e,a09ec00127e17e10ea60b186464bfbd98a5e13df90cf05077b2f65de0a2b3c1e
italian_old_ud218,Italian,4x4,40814041442,1,2825,19384,2.5648338268920234,2.5022627838731033,0.06257104301892014,49716.738900474986,48503.861802596235,1212.8770978787506,2.564833826892025,2.5022627838731024,0.0625710430189228,1.7763568394002505e-15,8.881784197001252e-16,2.6645352591003757e-15,1e-09,True,True,True,0.050208582048528974,0.07457920827268234,1e9e89fffd88a0a913662025013c0badd32f9c7ae7517847d2c8d761c33bb17d,0cb25ae4506428ba6c3ff2eb17ac4735ec250a81f2fc7d2ff2f465dd8a39001c
latin_udante_ud218,Latin,1x16,40814041438,1,2863,24568,2.4834391739917536,2.5441867876299864,-0.06074761363823278,61013.1336266294,62505.58099849351,-1492.4473718641093,2.4834391739917447,2.5441867876299824,-0.06074761363823766,8.881784197001252e-15,3.9968028886505635e-15,4.884981308350689e-15,1e-09,True,False,False,-0.07961851023811756,-0.04266786841509702,7f1b4a85677de12375e9c0521f0d8f1636333e7cc5acb7d0dd9b639011691b7c,f0250a675c84c7f3ca372fe48bc86aa66ada05139930b0d9bca6de053280a0df
latin_udante_ud218,Latin,1x16,40814041439,1,2863,24568,2.4911010748493507,2.544523770005173,-0.0534226951558221,61201.371206898846,62513.85998148708,-1312.488774588237,2.4911010748493463,2.5445237700051764,-0.05342269515583009,4.440892098500626e-15,3.552713678800501e-15,7.993605777301127e-15,1e-09,True,False,False,-0.07261466507983387,-0.03520523356820169,4b6bde6e64e7b06d0eebb6cff9596d9b5232f4a97384a9b73ec183e5690ca98b,590fc6af0497f4812e50cf74e0e99c04bed15907b9cf04931b6087722b551b7d
latin_udante_ud218,Latin,1x16,40814041440,1,2863,24568,2.4970946515148085,2.5452076722199797,-0.048113020705171206,61348.62139841581,62530.66209110046,-1182.040692684648,2.4970946515148205,2.5452076722199815,-0.04811302070516099,1.199040866595169e-14,1.7763568394002505e-15,1.021405182655144e-14,1e-09,True,False,False,-0.0715976785879987,-0.027072976264288003,da6cf1dfd30c22911ae5afca2dfb4a7dfe92c5accf71b0f4b3cc420f82bdd269,365106cdb9be67e51f147feb43ddacb6e49a485dd16ac93afcb8e9dc9a21ff1b
latin_udante_ud218,Latin,1x16,40814041441,1,2863,24568,2.494904208323514,2.5455187727481614,-0.0506145644246474,61294.80659009209,62538.30520887683,-1243.498618784739,2.49490420832352,2.5455187727481645,-0.05061456442464474,5.773159728050814e-15,3.1086244689504383e-15,2.6645352591003757e-15,1e-09,True,False,False,-0.07075823364013212,-0.031595880188372935,43edbbca0c22ee4e3bcf9fe65ea97270137354b195a1d753d7edf4e3bf7499da,d8ba6eeab536cb614b27ff5bc9a60e85c14f7ecca4292deb5dec5eea4bfc97a5
latin_udante_ud218,Latin,1x16,40814041442,1,2863,24568,2.49082653488503,2.5440977903508166,-0.053271255465786815,61194.62630905541,62503.39451333886,-1308.7682042834494,2.4908265348850276,2.544097790350819,-0.053271255465791256,2.220446049250313e-15,2.220446049250313e-15,4.440892098500626e-15,1e-09,True,False,False,-0.07349816206076068,-0.0338588178467513,a37748c2eff8bdf064d0cf1e305a4700a3fe71e2a2629ec7f5223bb081191091,bd961006e773f07a010054eba39074b0d7191a68bc96bb2ac5970bc396a5c251
latin_udante_ud218,Latin,2x8,40814041438,1,2863,24568,2.484016472728797,2.5450718751378836,-0.06105540240908658,61027.31670200108,62527.325828387526,-1500.0091263864451,2.4840164727288006,2.545071875137887,-0.06105540240908658,3.552713678800501e-15,3.552713678800501e-15,0.0,1e-09,True,False,False,-0.07932210768390512,-0.043242723803608434,846d9e5de0a146f0f1c032fd348faa7376a7e953f015950171936b4b3fef98fb,97f3c8474b695a4da9cf241f1cf5d40ddf1220e6954ac3ef111dfa87c34c32de
latin_udante_ud218,Latin,2x8,40814041439,1,2863,24568,2.4915904868455505,2.5450862836228194,-0.0534957967772689,61213.39508082149,62527.67981604543,-1314.2847352239405,2.49159048684555,2.5450862836228145,-0.05349579677726446,4.440892098500626e-16,4.884981308350689e-15,4.440892098500626e-15,1e-09,True,False,False,-0.07282649443016476,-0.035142860093427424,52da0f583466e5c241033dc65780bbc0fab4a141e212643bcbfc5e742e474f39,468b8aa97d710341b88845e9debdfed46df896093e924c2194506491785057c5
latin_udante_ud218,Latin,2x8,40814041440,1,2863,24568,2.497617383853601,2.5458210406365103,-0.04820365678290939,61361.46388651527,62545.73132635778,-1184.2674398425152,2.4976173838536004,2.545821040636505,-0.0482036567829045,4.440892098500626e-16,5.329070518200751e-15,4.884981308350689e-15,1e-09,True,False,False,-0.0710670337830423,-0.027032779114682666,b5ffe2eed5be0aed2c610b599c1dc0ad0c8cf43b2d5c1a181a97746226aeddec,799f1cac84c1ac75a13cdae2fee3da67957572ec411bea6f78b149953e8d91da
latin_udante_ud218,Latin,2x8,40814041441,1,2863,24568,2.4953475095426367,2.546026687256922,-0.050679177714285206,61305.697614443496,62550.78365252806,-1245.0860380845625,2.495347509542637,2.546026687256923,-0.05067917771428565,4.440892098500626e-16,8.881784197001252e-16,4.440892098500626e-16,1e-09,True,False,False,-0.07094128598276873,-0.0315250506644847,751980b1cdde6974af6e233dad8b84efa684c6abad311dbdc2fa7cf4c03bb771,d46d4fdd0ce1ca4a5f039c0035838efd05c6b3192a30781008b2f1b54d528163
latin_udante_ud218,Latin,2x8,40814041442,1,2863,24568,2.4917306123026424,2.545094382173823,-0.05336376987118063,61216.837683051315,62527.87878124648,-1311.0410981951645,2.491730612302646,2.54509438217382,-0.05336376987117397,3.552713678800501e-15,3.1086244689504383e-15,6.661338147750939e-15,1e-09,True,False,False,-0.0737465285557726,-0.033123878992034256,e46f6c0970beda63054bf5ec42bfe4a6e14ab6bc0d59ac0a455e6eca512b5967,904ae4db0cfbd5e54b9b8ec8219a89ef01a3674ec816f1c00637688ab588b312
latin_udante_ud218,Latin,4x4,40814041438,1,2863,24568,2.4852122631393083,2.546291770634981,-0.06107950749567248,61056.69488080653,62557.296220960205,-1500.6013401536766,2.4852122631393043,2.5462917706349835,-0.06107950749567914,3.9968028886505635e-15,2.6645352591003757e-15,6.661338147750939e-15,1e-09,True,False,False,-0.07943923581339878,-0.04337035371502815,25df71771f463a07fedae5287935d591828e9cc7f51384293290645766f04994,ca8639e50e9963b0523cc37cf9db5d96fa8558d417ef1df57cfac106b0e8a599
latin_udante_ud218,Latin,4x4,40814041439,1,2863,24568,2.4927282582036963,2.546590148117178,-0.05386188991348195,61241.34784754841,62564.62675894283,-1323.2789113944236,2.4927282582037,2.546590148117171,-0.053861889913471295,3.552713678800501e-15,7.105427357601002e-15,1.0658141036401503e-14,1e-09,True,False,False,-0.07274815715138624,-0.03528099119337904,76e965826c4bdd7a7d2034e888123fe511073a33be736bf9823e818d3af8675c,c5b5e9f6914e2b8710016103c12fd99206759abc1248bdde09f24a12eba7a46b
latin_udante_ud218,Latin,4x4,40814041440,1,2863,24568,2.498475482204812,2.546624404533461,-0.04814892232864887,61382.54564680783,62565.46837057807,-1182.9227237702435,2.4984754822048107,2.5466244045334605,-0.04814892232864976,1.3322676295501878e-15,4.440892098500626e-16,8.881784197001252e-16,1e-09,True,False,False,-0.0716527822640545,-0.026626261522635912,b84135b1a8bc4c06b530c32d03b420bde78bcc09d5a3e5151b0c4a878a97d071,f071cd62f13a9fdd68c6abe529aec10465e743379bad3b23d6a0ee62c1f47dfb
latin_udante_ud218,Latin,4x4,40814041441,1,2863,24568,2.4979972817685807,2.548638320320538,-0.05064103855195734,61370.797218490494,62614.94625363498,-1244.1490351444882,2.497997281768585,2.5486383203205345,-0.05064103855194935,4.440892098500626e-15,3.552713678800501e-15,7.993605777301127e-15,1e-09,True,False,False,-0.07080474788273901,-0.030946398680019024,ed7ad726f53ada7ceb2b4ebff63a8fa256a30ad7a102177f1684c3c06d36da9c,5fc348f6464aeb0f8825f076a12118e596be50515fdf7510a618e0670a741f6b
latin_udante_ud218,Latin,4x4,40814041442,1,2863,24568,2.492860006679829,2.5464633848921476,-0.05360337821231864,61244.584644110044,62561.51244003028,-1316.9277959202373,2.4928600066798365,2.546463384892148,-0.05360337821231154,7.549516567451064e-15,4.440892098500626e-16,7.105427357601002e-15,1e-09,True,False,False,-0.07337306502770144,-0.03417825865084082,205d04ad426a94bf62483abeb98440febb7db00e9655082e910e6334fc93838b,c84933d69ff7b1e5064c5afe2cd6e8b7cbe1d8d295ddbbbdef457c8427ed2c74
