token,frequency,length_glyphs,neighbors_distance_1,examples_distance_1,neighbors_distance_2,examples_distance_2,neighbors_within_2
G0021,624,1,24,G0002|G0004|G0014|G0018|G0004G0021|G0001|G0001G0021|G0010G0021|G0010|G0013G0021,70,G0027G0005G0021|G0014G0004|G0004G0002|G0001G0014|G0014G0013|G0027G0005|G0020G0014|G0014G0016|G0010G0014|G0028G0021G0025,94
G0002,414,1,22,G0021|G0004|G0004G0002|G0014|G0018|G0001G0002|G0001|G0010|G0020G0002|G0016,74,G0014G0004|G0001G0014|G0014G0013|G0027G0005|G0020G0014|G0014G0016|G0010G0014|G0004G0014|G0004G0021|G0010G0022,96
G0004,393,1,22,G0021|G0002|G0014G0004|G0004G0002|G0014|G0018|G0004G0014|G0004G0021|G0004G0016|G0001,84,G0001G0014|G0014G0013|G0027G0005|G0020G0014|G0014G0016|G0010G0014|G0001G0002|G0010G0022|G0001G0021|G0010G0021,106
G0027G0005G0021,353,3,15,G0027G0005|G0027G0029G0005G0021|G0027G0005G0021G0029|G0027G0005G0021G0031|G0027G0005G0030G0021|G0027G0005G0031G0021|G0027G0031G0005G0021|G0027G0005G0029G0021|G0027G0030G0005G0021|G0027G0005G0014,30,G0021|G0004G0021|G0027G0016G0013|G0001G0021|G0010G0021|G0013G0021|G0020G0021|G0027G0016G0020G0021|G0027G0014|G0005G0002,45
G0014G0004,301,2,14,G0004|G0014G0013|G0014G0016|G0014|G0014G0004G0029|G0014G0029G0004|G0014G0030G0004|G0014G0031G0004|G0014G0004G0031|G0014G0030,101,G0021|G0002|G0004G0002|G0001G0014|G0027G0005|G0020G0014|G0018|G0010G0014|G0004G0014|G0001G0002,115
G0004G0002,289,2,20,G0002|G0004|G0004G0014|G0001G0002|G0004G0021|G0004G0016|G0020G0002|G0004G0029|G0004G0031|G0004G0030,99,G0021|G0014G0004|G0001G0014|G0014G0013|G0027G0005|G0020G0014|G0014G0016|G0014|G0018|G0010G0014,119
G0001G0014,259,2,20,G0020G0014|G0014|G0010G0014|G0004G0014|G0001G0002|G0001|G0001G0021|G0011G0014|G0001G0029G0014|G0001G0030G0014,105,G0021|G0002|G0004|G0014G0004|G0004G0002|G0014G0013|G0027G0005|G0014G0016|G0018|G0004G0021,125
G0014G0013,157,2,13,G0014G0004|G0014G0016|G0014|G0006G0013|G0013|G0014G0031G0013|G0014G0030G0013|G0014G0030|G0014G0013G0031|G0014G0029G0013,106,G0021|G0002|G0004|G0004G0002|G0001G0014|G0027G0005|G0020G0014|G0013G0016G0013|G0018|G0010G0014,119
G0027G0005,151,2,11,G0027G0005G0021|G0027G0005G0014|G0027G0014|G0027G0005G0009|G0027|G0027G0005G0030|G0027G0031G0005|G0027G0005G0031|G0027G0029G0005|G0027G0005G0029,84,G0021|G0002|G0004|G0014G0004|G0004G0002|G0001G0014|G0014G0013|G0020G0014|G0014G0016|G0014,95
G0020G0014,147,2,20,G0001G0014|G0014|G0010G0014|G0004G0014|G0020G0002|G0020G0021|G0011G0014|G0020|G0020G0014G0016|G0027G0014,95,G0021|G0002|G0004|G0014G0004|G0004G0002|G0014G0013|G0027G0005|G0014G0016|G0018|G0001G0002,115
G0013G0016G0013,131,3,12,G0027G0016G0013|G0010G0016G0013|G0013G0016G0014|G0013G0016G0013G0030|G0013G0030G0016G0013|G0013G0016G0031G0013|G0013G0031G0016G0013|G0013G0029G0016G0013|G0013G0016G0013G0029|G0013G0016G0030G0013,36,G0014G0013|G0014G0016|G0004G0016|G0013G0021|G0006G0013|G0016|G0028G0016G0014|G0016G0025|G0013|G0004G0016G0025,48
G0014G0016,126,2,18,G0014G0004|G0014G0013|G0014|G0004G0016|G0016|G0020G0014G0016|G0014G0030G0016|G0014G0030|G0014G0016G0029|G0014G0029G0016,111,G0021|G0002|G0004|G0004G0002|G0001G0014|G0027G0005|G0020G0014|G0013G0016G0013|G0018|G0010G0014,129
G0014,125,1,26,G0021|G0002|G0004|G0014G0004|G0001G0014|G0014G0013|G0020G0014|G0014G0016|G0018|G0010G0014,105,G0004G0002|G0027G0005|G0001G0002|G0004G0021|G0010G0022|G0004G0016|G0001G0021|G0010G0021|G0011G0006|G0013G0021,131
G0018,125,1,15,G0021|G0002|G0004|G0014|G0001|G0010|G0016|G0020|G0013|G0027,58,G0014G0004|G0004G0002|G0001G0014|G0014G0013|G0027G0005|G0020G0014|G0014G0016|G0010G0014|G0004G0014|G0001G0002,73
G0010G0014,115,2,22,G0001G0014|G0020G0014|G0014|G0004G0014|G0010G0022|G0010G0021|G0010|G0011G0014|G0027G0014|G0010G0006,105,G0021|G0002|G0004|G0014G0004|G0004G0002|G0014G0013|G0027G0005|G0014G0016|G0018|G0001G0002,127
G0028G0021G0025,114,3,11,G0028G0021G0025G0017|G0028G0021G0030G0025|G0028G0021G0025G0029|G0028G0029G0021G0025|G0028G0030G0021G0025|G0028G0021G0025G0031|G0028G0021G0031G0025|G0028G0031G0021G0025|G0028G0021G0025G0030|G0028G0006G0025,32,G0021|G0004G0021|G0001G0021|G0010G0021|G0013G0021|G0021G0031|G0021G0029|G0020G0021|G0028G0014G0015|G0021G0030,43
G0004G0014,107,2,22,G0004|G0004G0002|G0001G0014|G0020G0014|G0014|G0010G0014|G0004G0021|G0004G0016|G0011G0014|G0004G0029,115,G0021|G0002|G0014G0004|G0014G0013|G0027G0005|G0014G0016|G0018|G0001G0002|G0010G0022|G0001,137
G0001G0002,104,2,15,G0002|G0004G0002|G0001G0014|G0001|G0001G0021|G0020G0002|G0003G0002|G0005G0002|G0001G0030|G0007G0002,94,G0021|G0004|G0014G0004|G0014G0013|G0027G0005|G0020G0014|G0014G0016|G0014|G0018|G0010G0014,109
G0004G0021,101,2,20,G0021|G0004|G0004G0002|G0004G0014|G0004G0016|G0001G0021|G0010G0021|G0013G0021|G0020G0021|G0004G0029,95,G0002|G0027G0005G0021|G0014G0004|G0001G0014|G0014G0013|G0027G0005|G0020G0014|G0014G0016|G0014|G0018,115
G0010G0022,98,2,10,G0010G0014|G0010G0021|G0010|G0010G0006|G0010G0009|G0010G0015|G0010G0022G0030|G0010G0022G0031|G0010G0030G0022|G0010G0030,82,G0021|G0002|G0004|G0014G0004|G0004G0002|G0001G0014|G0014G0013|G0027G0005|G0020G0014|G0014G0016,92
G0027G0016G0013,97,3,8,G0013G0016G0013|G0010G0016G0013|G0027G0016G0031G0013|G0027G0016G0020|G0027G0016G0025|G0027G0030G0016G0013|G0027G0016G0013G0030|G0027G0016G0029G0013,52,G0027G0005G0021|G0014G0013|G0027G0005|G0014G0016|G0004G0016|G0006G0013|G0016|G0028G0016G0014|G0016G0025|G0027G0016G0020G0021,60
G0004G0016,96,2,18,G0004|G0004G0002|G0014G0016|G0004G0014|G0004G0021|G0016|G0004G0029|G0004G0031|G0004G0030|G0004G0023,103,G0021|G0002|G0014G0004|G0001G0014|G0014G0013|G0027G0005|G0020G0014|G0013G0016G0013|G0014|G0018,121
G0001,85,1,19,G0021|G0002|G0004|G0001G0014|G0014|G0018|G0001G0002|G0001G0021|G0010|G0016,70,G0014G0004|G0004G0002|G0014G0013|G0027G0005|G0020G0014|G0014G0016|G0010G0014|G0004G0014|G0004G0021|G0010G0022,89
G0001G0021,76,2,16,G0021|G0001G0014|G0001G0002|G0004G0021|G0001|G0010G0021|G0013G0021|G0020G0021|G0011G0021|G0001G0030,90,G0002|G0004|G0027G0005G0021|G0014G0004|G0004G0002|G0014G0013|G0027G0005|G0020G0014|G0014G0016|G0014,106
G0010G0021,76,2,18,G0021|G0010G0014|G0004G0021|G0010G0022|G0001G0021|G0010|G0013G0021|G0020G0021|G0010G0006|G0011G0021,89,G0002|G0004|G0027G0005G0021|G0014G0004|G0004G0002|G0001G0014|G0014G0013|G0027G0005|G0020G0014|G0014G0016,107
G0011G0006,75,2,9,G0011G0014|G0003G0006|G0010G0006|G0011G0021|G0011G0006G0002|G0011G0031G0006|G0011G0006G0016|G0011G0029G0006|G0011,80,G0021|G0002|G0004|G0014G0004|G0004G0002|G0001G0014|G0014G0013|G0027G0005|G0020G0014|G0014G0016,89
G0010,70,1,19,G0021|G0002|G0004|G0014|G0018|G0010G0014|G0010G0022|G0001|G0010G0021|G0016,72,G0014G0004|G0004G0002|G0001G0014|G0014G0013|G0027G0005|G0020G0014|G0014G0016|G0004G0014|G0001G0002|G0004G0021,91
G0013G0021,65,2,10,G0021|G0004G0021|G0001G0021|G0010G0021|G0020G0021|G0013|G0011G0021|G0013G0009|G0013G0021G0029|G0013G0021G0031,92,G0002|G0004|G0027G0005G0021|G0014G0004|G0004G0002|G0001G0014|G0014G0013|G0027G0005|G0020G0014|G0013G0016G0013,102
G0021G0031,64,2,14,G0021|G0021G0029|G0021G0030|G0004G0031|G0002G0031|G0021G0001|G0021G0014|G0014G0031|G0018G0031|G0001G0021G0031,101,G0002|G0004|G0014G0004|G0004G0002|G0001G0014|G0014G0013|G0027G0005|G0020G0014|G0014G0016|G0014,115
G0006G0013,60,2,5,G0014G0013|G0013|G0006G0013G0002|G0006G0031G0013|G0006G0013G0030,92,G0021|G0002|G0004|G0014G0004|G0004G0002|G0001G0014|G0027G0005|G0020G0014|G0013G0016G0013|G0014G0016,97
G0021G0029,59,2,16,G0021|G0021G0031|G0021G0030|G0004G0029|G0002G0029|G0021G0001|G0004G0021G0029|G0021G0014|G0013G0021G0029|G0010G0021G0029,95,G0002|G0004|G0014G0004|G0004G0002|G0001G0014|G0014G0013|G0027G0005|G0020G0014|G0014G0016|G0014,111
G0020G0002,57,2,13,G0002|G0004G0002|G0020G0014|G0001G0002|G0020G0021|G0020|G0003G0002|G0005G0002|G0020G0002G0014|G0007G0002,89,G0021|G0004|G0014G0004|G0001G0014|G0014G0013|G0027G0005|G0014G0016|G0014|G0018|G0010G0014,102
G0020G0021,57,2,10,G0021|G0020G0014|G0004G0021|G0001G0021|G0010G0021|G0013G0021|G0020G0002|G0020|G0011G0021|G0020G0029,93,G0002|G0004|G0027G0005G0021|G0014G0004|G0004G0002|G0001G0014|G0014G0013|G0027G0005|G0014G0016|G0014,103
G0028G0014G0015,57,3,2,G0019G0014G0015|G0028G0014G0018,38,G0014G0004|G0001G0014|G0014G0013|G0020G0014|G0014G0016|G0014|G0010G0014|G0028G0021G0025|G0004G0014|G0011G0014,40
G0021G0030,50,2,13,G0021|G0021G0031|G0021G0029|G0004G0030|G0002G0030|G0021G0001|G0014G0030|G0001G0030|G0018G0030|G0021G0014,99,G0002|G0004|G0014G0004|G0004G0002|G0001G0014|G0014G0013|G0027G0005|G0020G0014|G0014G0016|G0014,112
G0011G0014,49,2,11,G0001G0014|G0020G0014|G0014|G0010G0014|G0004G0014|G0011G0006|G0027G0014|G0011G0021|G0007G0014|G0021G0014,109,G0021|G0002|G0004|G0014G0004|G0004G0002|G0014G0013|G0027G0005|G0014G0016|G0018|G0001G0002,120
G0016,44,1,17,G0021|G0002|G0004|G0014G0016|G0014|G0018|G0004G0016|G0001|G0010|G0020,81,G0014G0004|G0004G0002|G0001G0014|G0014G0013|G0027G0005|G0020G0014|G0013G0016G0013|G0010G0014|G0004G0014|G0001G0002,98
G0028G0016G0014,41,3,2,G0013G0016G0014|G0007G0016G0014,51,G0001G0014|G0020G0014|G0013G0016G0013|G0014G0016|G0014|G0010G0014|G0028G0021G0025|G0004G0014|G0027G0016G0013|G0004G0016,53
G0003G0006,40,2,6,G0011G0006|G0003G0002|G0010G0006|G0003G0006G0014|G0003G0009|G0003G0031G0006,83,G0021|G0002|G0004|G0014G0004|G0004G0002|G0001G0014|G0014G0013|G0027G0005|G0020G0014|G0014G0016,89
G0020,40,1,16,G0021|G0002|G0004|G0020G0014|G0014|G0018|G0001|G0010|G0020G0002|G0020G0021,66,G0014G0004|G0004G0002|G0001G0014|G0014G0013|G0027G0005|G0014G0016|G0010G0014|G0004G0014|G0001G0002|G0004G0021,82
G0027G0029G0005G0021,39,4,4,G0027G0005G0021|G0027G0031G0005G0021|G0027G0030G0005G0021|G0027G0029G0005,17,G0027G0005|G0027G0005G0021G0029|G0027G0016G0020G0021|G0027G0005G0021G0031|G0027G0005G0030G0021|G0027G0005G0031G0021|G0027G0005G0029G0021|G0027G0005G0014|G0027G0005G0009|G0027G0005G0021G0030,21
G0004G0029,38,2,23,G0004|G0004G0002|G0004G0014|G0004G0021|G0004G0016|G0021G0029|G0002G0029|G0004G0031|G0004G0030|G0004G0023,96,G0021|G0002|G0014G0004|G0001G0014|G0014G0013|G0027G0005|G0020G0014|G0014G0016|G0014|G0018,119
G0027G0005G0021G0029,37,4,4,G0027G0005G0021|G0027G0005G0021G0031|G0027G0005G0021G0030|G0027G0005G0029,17,G0027G0005|G0021G0029|G0027G0029G0005G0021|G0027G0005G0030G0021|G0027G0005G0031G0021|G0027G0031G0005G0021|G0027G0005G0029G0021|G0027G0030G0005G0021|G0027G0005G0014|G0027G0005G0009,21
G0002G0029,36,2,12,G0002|G0021G0029|G0004G0029|G0002G0031|G0002G0030|G0004G0002G0029|G0001G0002G0029|G0002G0001|G0018G0029|G0020G0029,96,G0021|G0004|G0014G0004|G0004G0002|G0001G0014|G0014G0013|G0027G0005|G0020G0014|G0014G0016|G0014,108
G0004G0031,36,2,21,G0004|G0004G0002|G0004G0014|G0004G0021|G0004G0016|G0021G0031|G0004G0029|G0002G0031|G0004G0030|G0004G0023,103,G0021|G0002|G0014G0004|G0001G0014|G0014G0013|G0027G0005|G0020G0014|G0014G0016|G0014|G0018,124
G0002G0031,34,2,9,G0002|G0021G0031|G0002G0029|G0004G0031|G0002G0030|G0004G0002G0031|G0002G0001|G0014G0031|G0018G0031,105,G0021|G0004|G0014G0004|G0004G0002|G0001G0014|G0014G0013|G0027G0005|G0020G0014|G0014G0016|G0014,114
G0004G0030,34,2,22,G0004|G0004G0002|G0004G0014|G0004G0021|G0004G0016|G0021G0030|G0004G0029|G0004G0031|G0004G0023|G0002G0030,96,G0021|G0002|G0014G0004|G0001G0014|G0014G0013|G0027G0005|G0020G0014|G0014G0016|G0014|G0018,118
G0001G0029G0014,33,3,5,G0001G0014|G0001G0030G0014|G0001G0031G0014|G0010G0029G0014|G0001G0029,56,G0020G0014|G0014|G0010G0014|G0004G0014|G0001G0002|G0001|G0001G0021|G0021G0029|G0011G0014|G0028G0016G0014,61
G0004G0023,33,2,9,G0004|G0004G0002|G0004G0014|G0004G0021|G0004G0016|G0004G0029|G0004G0031|G0004G0030|G0004G0023G0029,92,G0021|G0002|G0014G0004|G0001G0014|G0014G0013|G0027G0005|G0020G0014|G0014G0016|G0014|G0018,101
G0016G0025,33,2,3,G0016|G0004G0016G0025|G0027G0016G0025,93,G0021|G0002|G0004|G0014G0004|G0004G0002|G0001G0014|G0014G0013|G0027G0005|G0020G0014|G0013G0016G0013,96
G0027G0016G0020G0021,33,4,2,G0027G0016G0020|G0027G0016G0020G0030G0021,16,G0027G0005G0021|G0027G0016G0013|G0020G0021|G0027G0029G0005G0021|G0027G0005G0030G0021|G0027G0005G0031G0021|G0027G0031G0005G0021|G0027G0005G0029G0021|G0027G0030G0005G0021|G0027G0016G0010G0022,18
G0002G0030,32,2,12,G0002|G0021G0030|G0002G0029|G0002G0031|G0004G0030|G0004G0002G0030|G0014G0030|G0001G0030|G0018G0030|G0002G0001,94,G0021|G0004|G0014G0004|G0004G0002|G0001G0014|G0014G0013|G0027G0005|G0020G0014|G0014G0016|G0014,106
G0013,32,1,16,G0021|G0002|G0004|G0014G0013|G0014|G0018|G0001|G0010|G0013G0021|G0006G0013,72,G0014G0004|G0004G0002|G0001G0014|G0027G0005|G0020G0014|G0013G0016G0013|G0014G0016|G0010G0014|G0004G0014|G0001G0002,88
G0027G0005G0021G0031,32,4,4,G0027G0005G0021|G0027G0005G0021G0029|G0027G0005G0021G0030|G0027G0005G0031,17,G0027G0005|G0021G0031|G0027G0029G0005G0021|G0027G0005G0030G0021|G0027G0005G0031G0021|G0027G0031G0005G0021|G0027G0005G0029G0021|G0027G0030G0005G0021|G0027G0005G0014|G0027G0005G0009,21
G0004G0002G0029,31,3,10,G0004G0002|G0004G0029|G0002G0029|G0004G0002G0031|G0004G0002G0030|G0004G0021G0029|G0001G0002G0029|G0004G0016G0029|G0004G0014G0029|G0004G0023G0029,57,G0002|G0004|G0004G0014|G0001G0002|G0004G0021|G0004G0016|G0021G0029|G0020G0002|G0004G0031|G0002G0031,67
G0027G0005G0030G0021,31,4,4,G0027G0005G0021|G0027G0005G0031G0021|G0027G0005G0029G0021|G0027G0005G0030,16,G0027G0005|G0027G0029G0005G0021|G0027G0005G0021G0029|G0027G0016G0020G0021|G0027G0005G0021G0031|G0027G0031G0005G0021|G0027G0030G0005G0021|G0027G0005G0014|G0027G0005G0009|G0027G0005G0021G0030,20
G0001G0030G0014,30,3,9,G0001G0014|G0001G0029G0014|G0001G0031G0014|G0020G0030G0014|G0001G0030|G0004G0030G0014|G0001G0030G0021|G0010G0030G0014|G0001G0030G0002,50,G0020G0014|G0014|G0010G0014|G0004G0014|G0001G0002|G0001|G0001G0021|G0021G0030|G0011G0014|G0028G0016G0014,59
G0027G0005G0031G0021,30,4,4,G0027G0005G0021|G0027G0005G0030G0021|G0027G0005G0029G0021|G0027G0005G0031,17,G0027G0005|G0027G0029G0005G0021|G0027G0005G0021G0029|G0027G0016G0020G0021|G0027G0005G0021G0031|G0027G0031G0005G0021|G0027G0030G0005G0021|G0027G0005G0014|G0027G0005G0009|G0027G0005G0021G0030,21
G0001G0031G0014,29,3,8,G0001G0014|G0001G0029G0014|G0001G0030G0014|G0004G0031G0014|G0001G0031G0002|G0010G0031G0014|G0020G0031G0014|G0001G0031G0021,54,G0020G0014|G0014|G0010G0014|G0004G0014|G0001G0002|G0001|G0001G0021|G0021G0031|G0011G0014|G0028G0016G0014,62
G0014G0004G0029,29,3,7,G0014G0004|G0004G0029|G0014G0004G0031|G0014G0004G0030|G0014G0016G0029|G0014G0013G0029|G0014G0029,47,G0004|G0004G0002|G0014G0013|G0014G0016|G0014|G0004G0014|G0004G0021|G0004G0016|G0021G0029|G0002G0029,54
G0027G0031G0005G0021,29,4,4,G0027G0005G0021|G0027G0029G0005G0021|G0027G0030G0005G0021|G0027G0031G0005,18,G0027G0005|G0027G0005G0021G0029|G0027G0016G0020G0021|G0027G0005G0021G0031|G0027G0005G0030G0021|G0027G0005G0031G0021|G0027G0005G0029G0021|G0027G0005G0014|G0027G0005G0009|G0027G0005G0021G0030,22
G0001G0014G0029,28,3,11,G0001G0014|G0001G0014G0031|G0001G0014G0030|G0020G0014G0029|G0001G0002G0029|G0001G0014G0016|G0010G0014G0029|G0001G0029|G0014G0029|G0001G0021G0029,60,G0014G0004|G0014G0013|G0020G0014|G0014G0016|G0014|G0010G0014|G0004G0014|G0001G0002|G0001|G0001G0021,71
G0010G0016G0013,28,3,4,G0013G0016G0013|G0027G0016G0013|G0010G0016G0013G0016|G0010G0016G0004,66,G0014G0013|G0014G0016|G0010G0014|G0010G0022|G0004G0016|G0010G0021|G0010|G0006G0013|G0016|G0028G0016G0014,70
G0027G0005G0029G0021,28,4,4,G0027G0005G0021|G0027G0005G0030G0021|G0027G0005G0031G0021|G0027G0005G0029,16,G0027G0005|G0027G0029G0005G0021|G0027G0005G0021G0029|G0027G0016G0020G0021|G0027G0005G0021G0031|G0027G0031G0005G0021|G0027G0030G0005G0021|G0027G0005G0014|G0027G0005G0009|G0027G0005G0021G0030,20
G0027G0030G0005G0021,28,4,4,G0027G0005G0021|G0027G0029G0005G0021|G0027G0031G0005G0021|G0027G0030G0005,18,G0027G0005|G0027G0005G0021G0029|G0027G0016G0020G0021|G0027G0005G0021G0031|G0027G0005G0030G0021|G0027G0005G0031G0021|G0027G0005G0029G0021|G0027G0005G0014|G0027G0005G0009|G0027G0005G0021G0030,22
G0004G0016G0025,27,3,7,G0004G0016|G0016G0025|G0004G0016G0025G0016|G0004G0016G0029|G0027G0016G0025|G0004G0016G0030|G0004G0016G0031,50,G0004|G0004G0002|G0013G0016G0013|G0014G0016|G0028G0021G0025|G0004G0014|G0004G0021|G0027G0016G0013|G0016|G0028G0016G0014,57
G0004G0030G0002,27,3,7,G0004G0002|G0004G0030|G0004G0031G0002|G0004G0029G0002|G0004G0030G0021|G0004G0030G0014|G0001G0030G0002,60,G0002|G0004|G0004G0014|G0001G0002|G0004G0021|G0004G0016|G0020G0002|G0021G0030|G0004G0029|G0004G0031,67
G0012G0006G0021G0004,27,4,2,G0012G0006G0002G0004|G0012G0006G0021G0014,8,G0012G0006G0014|G0012G0006G0021G0004G0004G0002|G0012G0006G0002|G0021G0004|G0012G0006G0021G0004G0004G0014|G0027G0014G0021G0004|G0001G0006G0021|G0010G0006G0021,10
G0013G0016G0014,27,3,3,G0013G0016G0013|G0028G0016G0014|G0007G0016G0014,59,G0001G0014|G0020G0014|G0014G0016|G0014|G0010G0014|G0004G0014|G0027G0016G0013|G0004G0016|G0013G0021|G0011G0014,62
G0001G0014G0031,26,3,9,G0001G0014|G0001G0014G0029|G0001G0014G0030|G0020G0014G0031|G0010G0014G0031|G0004G0014G0031|G0001G0014G0016|G0014G0031|G0001G0021G0031,61,G0014G0004|G0014G0013|G0020G0014|G0014G0016|G0014|G0010G0014|G0004G0014|G0001G0002|G0001|G0001G0021,70
G0004G0002G0031,26,3,9,G0004G0002|G0004G0031|G0002G0031|G0004G0002G0029|G0004G0002G0030|G0004G0014G0031|G0004G0021G0031|G0004G0016G0031|G0004G0029G0002G0031,56,G0002|G0004|G0004G0014|G0001G0002|G0004G0021|G0004G0016|G0021G0031|G0020G0002|G0004G0029|G0002G0029,65
G0004G0031G0002,26,3,8,G0004G0002|G0004G0031|G0004G0030G0002|G0004G0029G0002|G0004G0031G0014|G0001G0031G0002|G0004G0031G0021|G0004G0031G0016,60,G0002|G0004|G0004G0014|G0001G0002|G0004G0021|G0004G0016|G0021G0031|G0020G0002|G0004G0029|G0002G0031,68
G0020G0014G0016,26,3,7,G0020G0014|G0014G0016|G0020G0014G0031|G0020G0014G0002|G0020G0014G0029|G0001G0014G0016|G0020G0014G0030,52,G0014G0004|G0001G0014|G0014G0013|G0014|G0010G0014|G0004G0014|G0004G0016|G0020G0002|G0020G0021|G0028G0014G0015,59
G0027G0005G0014,26,3,8,G0027G0005G0021|G0027G0005|G0027G0014|G0027G0005G0009|G0027G0006G0014|G0027G0005G0030|G0027G0005G0031|G0027G0005G0029,46,G0001G0014|G0020G0014|G0014|G0010G0014|G0004G0014|G0027G0016G0013|G0011G0014|G0028G0016G0014|G0027G0029G0005G0021|G0027G0005G0021G0029,54
G0027G0016G0010G0022,26,4,0,,8,G0010G0022|G0027G0016G0013|G0027G0016G0020G0021|G0027G0016G0031G0013|G0027G0016G0020|G0027G0016G0025|G0027G0016G0013G0030|G0027G0016G0029G0013,8
G0006G0013G0002,25,3,2,G0006G0013|G0006G0013G0030,29,G0002|G0004G0002|G0014G0013|G0001G0002|G0013G0021|G0020G0002|G0013|G0004G0030G0002|G0004G0031G0002|G0021G0025G0002,31
G0014G0029G0004,25,3,6,G0014G0004|G0014G0030G0004|G0014G0031G0004|G0014G0029G0016|G0014G0029G0013|G0014G0029,41,G0004|G0014G0013|G0014G0016|G0014|G0021G0029|G0004G0029|G0002G0029|G0001G0029G0014|G0014G0004G0029|G0001G0014G0029,47
G0021G0025G0002,25,3,2,G0011G0025G0002|G0021G0025G0029G0002,35,G0021|G0002|G0004G0002|G0028G0021G0025|G0001G0002|G0021G0031|G0021G0029|G0020G0002|G0021G0030|G0016G0025,37
G0027G0014,25,2,13,G0001G0014|G0027G0005|G0020G0014|G0014|G0010G0014|G0004G0014|G0011G0014|G0027G0005G0014|G0027G0014G0017|G0027G0006G0014,113,G0021|G0002|G0004|G0027G0005G0021|G0014G0004|G0004G0002|G0014G0013|G0014G0016|G0018|G0001G0002,126
G0014G0030G0004,24,3,6,G0014G0004|G0014G0029G0004|G0014G0031G0004|G0014G0030G0013|G0014G0030G0016|G0014G0030,43,G0004|G0014G0013|G0014G0016|G0014|G0021G0030|G0004G0030|G0002G0030|G0001G0030G0014|G0014G0004G0029|G0004G0030G0002,49
G0021G0001,24,2,8,G0021|G0001|G0021G0031|G0021G0029|G0021G0030|G0021G0014|G0002G0001|G0021G0004,78,G0002|G0004|G0014G0004|G0004G0002|G0001G0014|G0014G0013|G0027G0005|G0020G0014|G0014G0016|G0014,86
G0027G0005G0009,24,3,6,G0027G0005G0021|G0027G0005|G0027G0005G0014|G0027G0005G0030|G0027G0005G0031|G0027G0005G0029,24,G0027G0016G0013|G0027G0029G0005G0021|G0027G0005G0021G0029|G0027G0005G0021G0031|G0027G0005G0030G0021|G0027G0005G0031G0021|G0027G0031G0005G0021|G0027G0005G0029G0021|G0027G0030G0005G0021|G0027G0014,30
G0003G0002,23,2,9,G0002|G0004G0002|G0001G0002|G0020G0002|G0003G0006|G0005G0002|G0007G0002|G0003G0002G0025|G0003G0009,89,G0021|G0004|G0014G0004|G0001G0014|G0014G0013|G0027G0005|G0020G0014|G0014G0016|G0014|G0018,98
G0004G0002G0030,23,3,9,G0004G0002|G0004G0030|G0002G0030|G0004G0002G0029|G0004G0002G0031|G0004G0014G0030|G0004G0021G0030|G0004G0016G0030|G0001G0002G0030,55,G0002|G0004|G0004G0014|G0001G0002|G0004G0021|G0004G0016|G0020G0002|G0021G0030|G0004G0029|G0002G0029,64
G0005G0002,23,2,8,G0002|G0004G0002|G0001G0002|G0020G0002|G0003G0002|G0007G0002|G0005G0002G0014|G0005G0016,94,G0021|G0004|G0027G0005G0021|G0014G0004|G0001G0014|G0014G0013|G0027G0005|G0020G0014|G0014G0016|G0014,102
G0010G0006,23,2,12,G0010G0014|G0010G0022|G0010G0021|G0011G0006|G0010|G0003G0006|G0010G0006G0016|G0010G0006G0002|G0010G0009|G0010G0015,93,G0021|G0002|G0004|G0014G0004|G0004G0002|G0001G0014|G0014G0013|G0027G0005|G0020G0014|G0014G0016,105
G0001G0014G0030,22,3,10,G0001G0014|G0001G0014G0029|G0001G0014G0031|G0014G0030|G0001G0030|G0004G0014G0030|G0010G0014G0030|G0001G0014G0016|G0020G0014G0030|G0001G0002G0030,59,G0014G0004|G0014G0013|G0020G0014|G0014G0016|G0014|G0010G0014|G0004G0014|G0001G0002|G0001|G0001G0021,69
G0004G0006G0014,22,3,6,G0004G0014|G0027G0006G0014|G0012G0006G0014|G0003G0006G0014|G0004G0030G0014|G0004G0031G0014,68,G0004|G0004G0002|G0001G0014|G0020G0014|G0014|G0010G0014|G0004G0021|G0004G0016|G0011G0006|G0006G0013,74
G0004G0029G0002,22,3,7,G0004G0002|G0004G0029|G0004G0030G0002|G0004G0031G0002|G0004G0029G0021|G0004G0029G0016|G0004G0029G0002G0031,60,G0002|G0004|G0004G0014|G0001G0002|G0004G0021|G0004G0016|G0021G0029|G0020G0002|G0002G0029|G0004G0031,67
G0010G0006G0016,22,3,5,G0010G0006|G0010G0006G0002|G0010G0006G0016G0014|G0011G0006G0016|G0010G0006G0021,49,G0014G0016|G0010G0014|G0010G0022|G0004G0016|G0010G0021|G0011G0006|G0010|G0006G0013|G0016|G0003G0006,54
G0014G0031G0004,21,3,6,G0014G0004|G0014G0029G0004|G0014G0030G0004|G0014G0031G0013|G0014G0031|G0014G0031G0016,45,G0004|G0014G0013|G0014G0016|G0014|G0021G0031|G0004G0031|G0002G0031|G0001G0031G0014|G0014G0004G0029|G0001G0014G0031,51
G0014G0031G0013,21,3,7,G0014G0013|G0014G0031G0004|G0014G0030G0013|G0014G0029G0013|G0006G0031G0013|G0014G0031|G0014G0031G0016,47,G0014G0004|G0013G0016G0013|G0014G0016|G0014|G0027G0016G0013|G0021G0031|G0006G0013|G0004G0031|G0002G0031|G0013,54
G0011G0021,20,2,9,G0021|G0004G0021|G0001G0021|G0010G0021|G0011G0006|G0013G0021|G0020G0021|G0011G0014|G0011,91,G0002|G0004|G0027G0005G0021|G0014G0004|G0004G0002|G0001G0014|G0014G0013|G0027G0005|G0020G0014|G0014G0016,100
G0013G0009,20,2,4,G0013G0021|G0013|G0010G0009|G0003G0009,78,G0021|G0002|G0004|G0014G0004|G0004G0002|G0001G0014|G0014G0013|G0027G0005|G0020G0014|G0013G0016G0013,82
G0019G0014G0023,20,3,1,G0019G0014G0015,36,G0014G0004|G0001G0014|G0014G0013|G0020G0014|G0014G0016|G0014|G0010G0014|G0004G0014|G0028G0014G0015|G0011G0014,37
G0026G0021G0013,20,3,0,,33,G0021|G0014G0013|G0013G0016G0013|G0028G0021G0025|G0004G0021|G0027G0016G0013|G0001G0021|G0010G0021|G0013G0021|G0021G0031,33
G0027G0005G0021G0030,20,4,4,G0027G0005G0021|G0027G0005G0021G0029|G0027G0005G0021G0031|G0027G0005G0030,15,G0027G0005|G0021G0030|G0027G0029G0005G0021|G0027G0005G0030G0021|G0027G0005G0031G0021|G0027G0031G0005G0021|G0027G0005G0029G0021|G0027G0030G0005G0021|G0027G0005G0014|G0027G0005G0009,19
G0027G0014G0017,20,3,1,G0027G0014,51,G0027G0005G0021|G0014G0004|G0001G0014|G0014G0013|G0027G0005|G0020G0014|G0014G0016|G0014|G0010G0014|G0004G0014,52
G0016G0019G0013G0021,19,4,0,,3,G0013G0021|G0016G0013G0001G0021|G0016G0013G0001,3
G0027G0006G0014,19,3,5,G0027G0005G0014|G0027G0014|G0004G0006G0014|G0012G0006G0014|G0003G0006G0014,52,G0027G0005G0021|G0001G0014|G0027G0005|G0020G0014|G0014|G0010G0014|G0004G0014|G0027G0016G0013|G0011G0006|G0006G0013,57
G0011G0006G0002,18,3,5,G0011G0006|G0010G0006G0002|G0011G0025G0002|G0011G0006G0016|G0012G0006G0002,37,G0002|G0004G0002|G0001G0002|G0006G0013|G0020G0002|G0011G0014|G0003G0006|G0004G0030G0002|G0004G0031G0002|G0006G0013G0002,42
G0012G0006G0014,18,3,5,G0004G0006G0014|G0027G0006G0014|G0003G0006G0014|G0012G0006G0021G0014|G0012G0006G0002,40,G0001G0014|G0020G0014|G0014|G0010G0014|G0004G0014|G0011G0006|G0006G0013|G0011G0014|G0028G0016G0014|G0003G0006,45
G0014G0004G0031,18,3,7,G0014G0004|G0004G0031|G0014G0004G0029|G0014G0004G0030|G0014G0013G0031|G0014G0031|G0014G0016G0031,45,G0004|G0004G0002|G0014G0013|G0014G0016|G0014|G0004G0014|G0004G0021|G0004G0016|G0021G0031|G0004G0029,52
G0014G0030G0013,18,3,6,G0014G0013|G0014G0030G0004|G0014G0031G0013|G0014G0030G0016|G0014G0030|G0014G0029G0013,47,G0014G0004|G0013G0016G0013|G0014G0016|G0014|G0027G0016G0013|G0006G0013|G0021G0030|G0004G0030|G0002G0030|G0013,53
G0014G0030G0016,18,3,6,G0014G0016|G0014G0030G0004|G0014G0030G0013|G0014G0030|G0014G0029G0016|G0014G0031G0016,50,G0014G0004|G0014G0013|G0014|G0004G0016|G0021G0030|G0016|G0004G0030|G0002G0030|G0001G0030G0014|G0014G0004G0029,56
G0027,18,1,14,G0021|G0002|G0004|G0027G0005|G0014|G0018|G0001|G0010|G0016|G0020,72,G0027G0005G0021|G0014G0004|G0004G0002|G0001G0014|G0014G0013|G0020G0014|G0014G0016|G0010G0014|G0004G0014|G0001G0002,86
G0001G0014G0010G0010G0021,17,5,1,G0001G0014G0010G0010G0014,0,,1
G0011G0002G0004,17,3,1,G0020G0002G0004,36,G0002|G0004|G0014G0004|G0004G0002|G0001G0002|G0011G0006|G0020G0002|G0011G0014|G0002G0029|G0002G0031,37
G0020G0030G0014,17,3,6,G0020G0014|G0001G0030G0014|G0020G0002G0014|G0004G0030G0014|G0020G0031G0014|G0010G0030G0014,48,G0001G0014|G0014|G0010G0014|G0004G0014|G0020G0002|G0020G0021|G0021G0030|G0011G0014|G0028G0016G0014|G0020,54
G0027G0005G0030,17,3,8,G0027G0005G0021|G0027G0005|G0027G0005G0030G0021|G0027G0005G0014|G0027G0005G0009|G0027G0005G0021G0030|G0027G0005G0031|G0027G0005G0029,39,G0027G0016G0013|G0021G0030|G0027G0029G0005G0021|G0027G0005G0021G0029|G0004G0030|G0002G0030|G0027G0005G0021G0031|G0027G0005G0031G0021|G0027G0031G0005G0021|G0027G0005G0029G0021,47
G0002G0013G0027G0016G0025,16,5,0,,2,G0027G0016G0025|G0002G0004G0004G0016G0025,2
G0014G0030,16,2,21,G0014G0004|G0014G0013|G0014G0016|G0014|G0021G0030|G0004G0030|G0002G0030|G0014G0030G0004|G0001G0014G0030|G0014G0030G0013,107,G0021|G0002|G0004|G0004G0002|G0001G0014|G0027G0005|G0020G0014|G0018|G0010G0014|G0004G0014,128
G0020G0002G0014,16,3,6,G0020G0014|G0020G0002|G0020G0030G0014|G0020G0031G0014|G0020G0002G0004|G0005G0002G0014,49,G0002|G0004G0002|G0001G0014|G0014|G0010G0014|G0004G0014|G0001G0002|G0020G0021|G0011G0014|G0028G0016G0014,55
G0020G0014G0031,16,3,9,G0020G0014|G0001G0014G0031|G0020G0014G0016|G0020G0014G0002|G0010G0014G0031|G0020G0014G0029|G0004G0014G0031|G0014G0031|G0020G0014G0030,53,G0014G0004|G0001G0014|G0014G0013|G0014G0016|G0014|G0010G0014|G0004G0014|G0021G0031|G0020G0002|G0020G0021,62
G0027G0031G0005,16,3,4,G0027G0005|G0027G0031G0005G0021|G0027G0029G0005|G0027G0030G0005,38,G0027G0005G0021|G0027G0016G0013|G0021G0031|G0027G0029G0005G0021|G0004G0031|G0002G0031|G0027G0005G0031G0021|G0001G0031G0014|G0027G0030G0005G0021|G0004G0031G0002,42
G0028G0021G0025G0017,16,4,4,G0028G0021G0025|G0028G0021G0025G0029|G0028G0021G0025G0031|G0028G0021G0025G0030,9,G0021G0025G0002|G0028G0021G0030G0025|G0028G0029G0021G0025|G0028G0030G0021G0025|G0028G0021G0031G0025|G0028G0031G0021G0025|G0028G0006G0025|G0028G0021G0029G0025|G0002G0021G0025G0021,13
G0028G0021G0030G0025,16,4,3,G0028G0021G0025|G0028G0021G0031G0025|G0028G0021G0029G0025,10,G0021G0030|G0028G0021G0025G0017|G0028G0021G0025G0029|G0028G0029G0021G0025|G0028G0030G0021G0025|G0004G0021G0030|G0028G0021G0025G0031|G0028G0031G0021G0025|G0028G0021G0025G0030|G0028G0006G0025,13
G0001G0016G0007G0021,15,4,0,,6,G0001G0021|G0027G0016G0020G0021|G0001G0030G0021|G0007G0016G0027G0021|G0001G0006G0021|G0001G0031G0021,6
G0007G0014G0001G0014,15,4,1,G0007G0021G0001G0014,5,G0001G0014|G0007G0014|G0007G0014G0002|G0007G0016G0014|G0007G0014G0010G0016,6
G0010G0006G0002,15,3,7,G0010G0006|G0010G0006G0016|G0011G0006G0002|G0010G0014G0002|G0012G0006G0002|G0010G0006G0002G0029|G0010G0006G0021,52,G0002|G0004G0002|G0010G0014|G0001G0002|G0010G0022|G0010G0021|G0011G0006|G0010|G0006G0013|G0020G0002,59
G0011G0025G0002,15,3,2,G0021G0025G0002|G0011G0006G0002,31,G0002|G0004G0002|G0001G0002|G0011G0006|G0020G0002|G0011G0014|G0016G0025|G0004G0030G0002|G0004G0031G0002|G0006G0013G0002,33
G0012G0006G0002G0004,15,4,2,G0012G0006G0021G0004|G0012G0006G0002,7,G0011G0006G0002|G0012G0006G0014|G0011G0002G0004|G0010G0006G0002|G0012G0006G0021G0014|G0020G0002G0004|G0010G0006G0002G0029,9
G0013G0016G0013G0030,15,4,4,G0013G0016G0013|G0013G0016G0013G0029|G0013G0016G0013G0031|G0027G0016G0013G0030,14,G0027G0016G0013|G0010G0016G0013|G0013G0016G0014|G0013G0030G0016G0013|G0013G0016G0031G0013|G0013G0031G0016G0013|G0013G0029G0016G0013|G0010G0016G0013G0016|G0016G0013G0001|G0013G0016G0030G0013,18
G0014G0004G0030,15,3,6,G0014G0004|G0004G0030|G0014G0004G0029|G0014G0004G0031|G0014G0030|G0014G0016G0030,46,G0004|G0004G0002|G0014G0013|G0014G0016|G0014|G0004G0014|G0004G0021|G0004G0016|G0021G0030|G0004G0029,52
G0001G0030,14,2,16,G0001G0014|G0001G0002|G0001|G0001G0021|G0021G0030|G0004G0030|G0002G0030|G0001G0030G0014|G0001G0014G0030|G0014G0030,93,G0021|G0002|G0004|G0014G0004|G0004G0002|G0014G0013|G0027G0005|G0020G0014|G0014G0016|G0014,109
G0004G0014G0030,14,3,11,G0004G0014|G0004G0030|G0004G0002G0030|G0001G0014G0030|G0014G0030|G0004G0014G0031|G0004G0021G0030|G0010G0014G0030|G0020G0014G0030|G0004G0016G0030,69,G0004|G0014G0004|G0004G0002|G0001G0014|G0014G0013|G0020G0014|G0014G0016|G0014|G0010G0014|G0004G0021,80
G0004G0016G0027G0016,14,4,3,G0028G0016G0027G0016|G0004G0016G0025G0016|G0003G0016G0027G0016,9,G0004G0016|G0004G0016G0025|G0004G0016G0029|G0010G0016G0013G0016|G0004G0031G0016|G0004G0016G0030|G0004G0029G0016|G0004G0016G0031|G0007G0016G0027G0021,12
G0007,14,1,15,G0021|G0002|G0004|G0014|G0018|G0001|G0010|G0016|G0020|G0013,59,G0014G0004|G0004G0002|G0001G0014|G0014G0013|G0027G0005|G0020G0014|G0014G0016|G0010G0014|G0004G0014|G0001G0002,74
G0007G0002,14,2,10,G0002|G0004G0002|G0001G0002|G0020G0002|G0003G0002|G0005G0002|G0007|G0007G0014|G0007G0014G0002|G0007G0016,88,G0021|G0004|G0014G0004|G0001G0014|G0014G0013|G0027G0005|G0020G0014|G0014G0016|G0014|G0018,98
G0007G0021G0001G0014,14,4,1,G0007G0014G0001G0014,5,G0001G0014|G0021G0001|G0007G0014|G0007G0016G0014|G0021G0014,6
G0012G0006G0002G0013G0001G0016,14,6,0,,0,,0
G0019G0014G0015,14,3,2,G0028G0014G0015|G0019G0014G0023,35,G0014G0004|G0001G0014|G0014G0013|G0020G0014|G0014G0016|G0014|G0010G0014|G0004G0014|G0011G0014|G0001G0014G0029,37
G0020G0014G0002,14,3,8,G0020G0014|G0020G0002|G0020G0014G0016|G0020G0014G0031|G0007G0014G0002|G0020G0014G0029|G0010G0014G0002|G0020G0014G0030,53,G0002|G0014G0004|G0004G0002|G0001G0014|G0014G0013|G0014G0016|G0014|G0010G0014|G0004G0014|G0001G0002,61
G0028G0016G0027G0016,14,4,2,G0004G0016G0027G0016|G0003G0016G0027G0016,4,G0028G0016G0014|G0004G0016G0025G0016|G0010G0016G0013G0016|G0007G0016G0027G0021,6
G0028G0021G0025G0029,14,4,4,G0028G0021G0025|G0028G0021G0025G0017|G0028G0021G0025G0031|G0028G0021G0025G0030,15,G0021G0029|G0021G0025G0002|G0028G0021G0030G0025|G0004G0021G0029|G0028G0029G0021G0025|G0028G0030G0021G0025|G0028G0021G0031G0025|G0028G0031G0021G0025|G0013G0021G0029|G0010G0021G0029,19
G0003G0006G0014,13,3,4,G0003G0006|G0004G0006G0014|G0027G0006G0014|G0012G0006G0014,43,G0001G0014|G0020G0014|G0014|G0010G0014|G0004G0014|G0011G0006|G0006G0013|G0011G0014|G0028G0016G0014|G0001G0029G0014,47
G0003G0006G0016G0025,13,4,0,,10,G0003G0006|G0016G0025|G0004G0016G0025|G0010G0006G0016|G0003G0006G0014|G0010G0006G0016G0014|G0003G0002G0025|G0011G0006G0016|G0027G0016G0025|G0028G0006G0025,10
G0004G0021G0029,13,3,12,G0004G0021|G0021G0029|G0004G0029|G0004G0002G0029|G0004G0021G0030|G0004G0016G0029|G0013G0021G0029|G0004G0021G0031|G0010G0021G0029|G0001G0021G0029,57,G0021|G0004|G0004G0002|G0028G0021G0025|G0004G0014|G0004G0016|G0001G0021|G0010G0021|G0013G0021|G0021G0031,69
G0004G0030G0021,13,3,7,G0004G0021|G0004G0030|G0004G0030G0002|G0004G0030G0014|G0001G0030G0021|G0004G0029G0021|G0004G0031G0021,58,G0021|G0004|G0027G0005G0021|G0004G0002|G0004G0014|G0004G0016|G0001G0021|G0010G0021|G0013G0021|G0020G0021,65
G0007G0014,13,2,13,G0001G0014|G0020G0014|G0014|G0010G0014|G0004G0014|G0011G0014|G0027G0014|G0007|G0007G0002|G0007G0014G0002,104,G0021|G0002|G0004|G0014G0004|G0004G0002|G0014G0013|G0027G0005|G0014G0016|G0018|G0001G0002,117
G0007G0014G0002,13,3,4,G0007G0002|G0020G0014G0002|G0007G0014|G0010G0014G0002,56,G0002|G0014G0004|G0004G0002|G0001G0014|G0014G0013|G0020G0014|G0014G0016|G0014|G0010G0014|G0004G0014,60
G0007G0016G0014,13,3,4,G0028G0016G0014|G0013G0016G0014|G0007G0014|G0007G0016,50,G0001G0014|G0020G0014|G0013G0016G0013|G0014G0016|G0014|G0010G0014|G0004G0014|G0027G0016G0013|G0004G0016|G0011G0014,54
G0011G0006G0011G0011G0016,13,5,2,G0011G0006G0011G0011G0014|G0011G0006G0011G0011G0021,4,G0011G0002G0013G0011G0016|G0011G0006G0016|G0011G0016G0010G0011G0016|G0010G0016G0011G0011G0016,6
G0011G0031G0006,13,3,3,G0011G0006|G0011G0029G0006|G0003G0031G0006,29,G0021G0031|G0011G0014|G0003G0006|G0004G0031|G0002G0031|G0001G0031G0014|G0004G0031G0002|G0010G0006|G0014G0031G0004|G0014G0031G0013,32
G0012G0006G0021G0004G0004G0002,13,6,1,G0012G0006G0021G0004G0004G0014,2,G0012G0006G0021G0004|G0012G0006G0021G0010G0011G0002,3
G0013G0030G0016G0013,13,4,4,G0013G0016G0013|G0013G0031G0016G0013|G0013G0029G0016G0013|G0027G0030G0016G0013,11,G0027G0016G0013|G0010G0016G0013|G0013G0016G0014|G0014G0030G0013|G0014G0030G0016|G0013G0016G0013G0030|G0013G0016G0031G0013|G0013G0016G0013G0029|G0013G0016G0030G0013|G0013G0016G0013G0031,15
G0014G0016G0029,13,3,7,G0014G0016|G0014G0004G0029|G0004G0016G0029|G0014G0013G0029|G0014G0016G0031|G0014G0029|G0014G0016G0030,57,G0014G0004|G0014G0013|G0013G0016G0013|G0014|G0027G0016G0013|G0004G0016|G0021G0029|G0016|G0028G0016G0014|G0004G0029,64
G0016G0013G0001G0021,13,4,1,G0016G0013G0001,4,G0001G0021|G0013G0021|G0016G0019G0013G0021|G0020G0016G0013G0001G0016,5
G0019G0021G0013G0011G0021,13,5,0,,0,,0
G0020G0002G0021G0010G0011G0025G0016,13,7,0,,0,,0
G0027G0005G0031,13,3,8,G0027G0005G0021|G0027G0005|G0027G0005G0021G0031|G0027G0005G0031G0021|G0027G0005G0014|G0027G0005G0009|G0027G0005G0030|G0027G0005G0029,39,G0027G0016G0013|G0021G0031|G0027G0029G0005G0021|G0027G0005G0021G0029|G0004G0031|G0002G0031|G0027G0005G0030G0021|G0027G0031G0005G0021|G0027G0005G0029G0021|G0027G0030G0005G0021,47
G0028G0021G0025G0027G0005G0009,13,6,0,,0,,0
G0002G0004G0011G0025G0002,12,5,2,G0002G0004G0011G0025G0016|G0002G0004G0011G0025G0014,1,G0011G0025G0002,3
G0002G0004G0011G0025G0016,12,5,2,G0002G0004G0011G0025G0002|G0002G0004G0011G0025G0014,1,G0004G0016G0025G0016,3
G0002G0007G0021G0002,12,4,0,,2,G0007G0002|G0007G0014G0002,2
G0003G0021G0027G0021,12,4,0,,3,G0002G0021G0025G0021|G0003G0016G0027G0016|G0007G0016G0027G0021,3
G0004G0030G0014,12,3,9,G0004G0014|G0004G0030|G0001G0030G0014|G0004G0030G0002|G0004G0006G0014|G0020G0030G0014|G0004G0030G0021|G0004G0031G0014|G0010G0030G0014,64,G0004|G0004G0002|G0001G0014|G0020G0014|G0014|G0010G0014|G0004G0021|G0004G0016|G0021G0030|G0011G0014,73
G0004G0031G0014,12,3,10,G0004G0014|G0004G0031|G0001G0031G0014|G0004G0031G0002|G0004G0006G0014|G0004G0030G0014|G0010G0031G0014|G0020G0031G0014|G0004G0031G0021|G0004G0031G0016,64,G0004|G0004G0002|G0001G0014|G0020G0014|G0014|G0010G0014|G0004G0021|G0004G0016|G0021G0031|G0011G0014,74
G0010G0009,12,2,9,G0010G0014|G0010G0022|G0010G0021|G0010|G0010G0006|G0013G0009|G0010G0015|G0003G0009|G0010G0030,83,G0021|G0002|G0004|G0014G0004|G0004G0002|G0001G0014|G0014G0013|G0027G0005|G0020G0014|G0014G0016,92
G0010G0014G0031,12,3,10,G0010G0014|G0001G0014G0031|G0020G0014G0031|G0004G0014G0031|G0010G0014G0030|G0010G0014G0002|G0010G0014G0029|G0014G0031|G0010G0022G0031|G0010G0021G0031,64,G0014G0004|G0001G0014|G0014G0013|G0020G0014|G0014G0016|G0014|G0004G0014|G0010G0022|G0010G0021|G0010,74
G0010G0029G0014,12,3,5,G0010G0014|G0001G0029G0014|G0010G0031G0014|G0010G0030G0014|G0010G0029G0021,62,G0001G0014|G0020G0014|G0014|G0004G0014|G0010G0022|G0010G0021|G0010|G0021G0029|G0011G0014|G0028G0016G0014,67
G0013G0016G0031G0013,12,4,4,G0013G0016G0013|G0027G0016G0031G0013|G0013G0016G0030G0013|G0013G0016G0029G0013,15,G0027G0016G0013|G0010G0016G0013|G0013G0016G0014|G0014G0031G0013|G0013G0016G0013G0030|G0013G0030G0016G0013|G0013G0031G0016G0013|G0013G0029G0016G0013|G0006G0031G0013|G0013G0016G0013G0029,19
G0013G0031G0016G0013,12,4,3,G0013G0016G0013|G0013G0030G0016G0013|G0013G0029G0016G0013,14,G0027G0016G0013|G0010G0016G0013|G0013G0016G0014|G0014G0031G0013|G0013G0016G0013G0030|G0013G0016G0031G0013|G0006G0031G0013|G0004G0031G0016|G0013G0016G0013G0029|G0013G0016G0030G0013,17
G0014G0029G0016,12,3,7,G0014G0016|G0014G0029G0004|G0014G0030G0016|G0014G0029G0013|G0004G0029G0016|G0014G0029|G0014G0031G0016,45,G0014G0004|G0014G0013|G0014|G0004G0016|G0021G0029|G0016|G0004G0029|G0002G0029|G0001G0029G0014|G0014G0004G0029,52
G0018G0030,12,2,9,G0018|G0021G0030|G0004G0030|G0002G0030|G0014G0030|G0001G0030|G0018G0031|G0018G0029|G0010G0030,89,G0021|G0002|G0004|G0014G0004|G0004G0002|G0001G0014|G0014G0013|G0027G0005|G0020G0014|G0014G0016,98
G0020G0014G0029,12,3,10,G0020G0014|G0001G0014G0029|G0020G0014G0016|G0020G0014G0031|G0020G0014G0002|G0010G0014G0029|G0020G0014G0030|G0020G0029|G0014G0029|G0004G0014G0029,54,G0014G0004|G0001G0014|G0014G0013|G0014G0016|G0014|G0010G0014|G0004G0014|G0021G0029|G0020G0002|G0020G0021,64
G0021G0014,12,2,14,G0021|G0001G0014|G0020G0014|G0014|G0010G0014|G0004G0014|G0021G0031|G0021G0029|G0021G0030|G0011G0014,115,G0002|G0004|G0014G0004|G0004G0002|G0014G0013|G0027G0005|G0014G0016|G0018|G0028G0021G0025|G0001G0002,129
G0028G0029G0021G0025,12,4,3,G0028G0021G0025|G0028G0030G0021G0025|G0028G0031G0021G0025,10,G0028G0021G0025G0017|G0028G0021G0030G0025|G0028G0021G0025G0029|G0028G0021G0025G0031|G0028G0021G0031G0025|G0004G0029G0021|G0028G0021G0025G0030|G0010G0029G0021|G0028G0006G0025|G0028G0021G0029G0025,13
G0028G0030G0021G0025,12,4,3,G0028G0021G0025|G0028G0029G0021G0025|G0028G0031G0021G0025,10,G0028G0021G0025G0017|G0028G0021G0030G0025|G0028G0021G0025G0029|G0004G0030G0021|G0001G0030G0021|G0028G0021G0025G0031|G0028G0021G0031G0025|G0028G0021G0025G0030|G0028G0006G0025|G0028G0021G0029G0025,13
G0001G0002G0029,11,3,7,G0001G0002|G0002G0029|G0004G0002G0029|G0001G0014G0029|G0001G0029|G0001G0002G0030|G0001G0021G0029,50,G0002|G0004G0002|G0001G0014|G0001|G0001G0021|G0021G0029|G0020G0002|G0004G0029|G0002G0031|G0001G0029G0014,57
G0001G0006G0027G0002,11,4,0,,8,G0001G0002|G0006G0013G0002|G0011G0006G0002|G0010G0006G0002|G0001G0031G0002|G0012G0006G0002|G0001G0006G0021|G0001G0030G0002,8
G0001G0030G0021,11,3,7,G0001G0021|G0001G0030G0014|G0001G0030|G0004G0030G0021|G0001G0006G0021|G0001G0030G0002|G0001G0031G0021,46,G0021|G0027G0005G0021|G0001G0014|G0001G0002|G0004G0021|G0001|G0010G0021|G0013G0021|G0020G0021|G0021G0030,53
G0001G0031G0002,11,3,5,G0001G0002|G0001G0031G0014|G0004G0031G0002|G0001G0030G0002|G0001G0031G0021,53,G0002|G0004G0002|G0001G0014|G0001|G0001G0021|G0021G0031|G0020G0002|G0004G0031|G0002G0031|G0001G0029G0014,58
G0002G0001,11,2,6,G0002|G0001|G0002G0029|G0002G0031|G0002G0030|G0021G0001,77,G0021|G0004|G0014G0004|G0004G0002|G0001G0014|G0014G0013|G0027G0005|G0020G0014|G0014G0016|G0014,83
G0004G0014G0031,11,3,11,G0004G0014|G0004G0031|G0001G0014G0031|G0004G0002G0031|G0020G0014G0031|G0004G0014G0030|G0010G0014G0031|G0014G0031|G0004G0021G0031|G0004G0016G0031,70,G0004|G0014G0004|G0004G0002|G0001G0014|G0014G0013|G0020G0014|G0014G0016|G0014|G0010G0014|G0004G0021,81
G0004G0016G0025G0016,11,4,2,G0004G0016G0025|G0004G0016G0027G0016,12,G0004G0016|G0016G0025|G0028G0016G0027G0016|G0002G0004G0011G0025G0016|G0004G0016G0029|G0010G0016G0013G0016|G0004G0031G0016|G0027G0016G0025|G0004G0016G0030|G0004G0029G0016,14
G0004G0021G0030,11,3,8,G0004G0021|G0021G0030|G0004G0030|G0004G0002G0030|G0004G0014G0030|G0004G0021G0029|G0004G0021G0031|G0004G0016G0030,62,G0021|G0004|G0004G0002|G0028G0021G0025|G0004G0014|G0004G0016|G0001G0021|G0010G0021|G0013G0021|G0021G0031,70
G0010G0014G0030,11,3,10,G0010G0014|G0001G0014G0030|G0014G0030|G0004G0014G0030|G0010G0014G0031|G0010G0014G0002|G0010G0014G0029|G0010G0022G0030|G0020G0014G0030|G0010G0030,64,G0014G0004|G0001G0014|G0014G0013|G0020G0014|G0014G0016|G0014|G0004G0014|G0010G0022|G0010G0021|G0010,74
G0010G0031G0014,11,3,7,G0010G0014|G0001G0031G0014|G0004G0031G0014|G0010G0029G0014|G0020G0031G0014|G0010G0030G0014|G0010G0031G0021,62,G0001G0014|G0020G0014|G0014|G0004G0014|G0010G0022|G0010G0021|G0010|G0021G0031|G0011G0014|G0028G0016G0014,69
G0012G0006G0014G0007G0014,11,5,0,,2,G0012G0006G0014|G0012G0006G0021G0014,2
G0013G0029G0016G0013,11,4,3,G0013G0016G0013|G0013G0030G0016G0013|G0013G0031G0016G0013,13,G0027G0016G0013|G0010G0016G0013|G0013G0016G0014|G0013G0016G0013G0030|G0013G0016G0031G0013|G0014G0029G0016|G0014G0029G0013|G0013G0016G0013G0029|G0013G0016G0030G0013|G0027G0030G0016G0013,16
G0014G0013G0031,11,3,5,G0014G0013|G0014G0004G0031|G0014G0013G0029|G0014G0031|G0014G0016G0031,42,G0014G0004|G0014G0016|G0014|G0013G0021|G0021G0031|G0006G0013|G0004G0031|G0002G0031|G0013|G0014G0004G0029,47
G0014G0029G0013,11,3,6,G0014G0013|G0014G0029G0004|G0014G0031G0013|G0014G0030G0013|G0014G0029G0016|G0014G0029,45,G0014G0004|G0013G0016G0013|G0014G0016|G0014|G0027G0016G0013|G0006G0013|G0021G0029|G0004G0029|G0002G0029|G0001G0029G0014,51
G0019G0025G0002G0013,11,4,0,,2,G0021G0025G0002|G0011G0025G0002,2
G0020G0016G0013G0001G0016,11,5,0,,3,G0016G0013G0001G0021|G0010G0016G0013G0016|G0016G0013G0001,3
G0020G0031G0014,11,3,6,G0020G0014|G0001G0031G0014|G0020G0030G0014|G0020G0002G0014|G0004G0031G0014|G0010G0031G0014,50,G0001G0014|G0014|G0010G0014|G0004G0014|G0021G0031|G0020G0002|G0020G0021|G0011G0014|G0028G0016G0014|G0020,56
G0027G0016G0031G0013,11,4,3,G0027G0016G0013|G0013G0016G0031G0013|G0027G0016G0029G0013,17,G0013G0016G0013|G0027G0016G0020G0021|G0027G0005G0031G0021|G0010G0016G0013|G0027G0016G0010G0022|G0014G0031G0013|G0027G0031G0005|G0027G0005G0031|G0006G0031G0013|G0027G0016G0020,20
G0028G0021G0025G0031,11,4,4,G0028G0021G0025|G0028G0021G0025G0017|G0028G0021G0025G0029|G0028G0021G0025G0030,14,G0021G0031|G0021G0025G0002|G0028G0021G0030G0025|G0028G0029G0021G0025|G0028G0030G0021G0025|G0028G0021G0031G0025|G0028G0031G0021G0025|G0001G0021G0031|G0004G0021G0031|G0028G0006G0025,18
G0028G0021G0031G0025,11,4,3,G0028G0021G0025|G0028G0021G0030G0025|G0028G0021G0029G0025,13,G0021G0031|G0028G0021G0025G0017|G0028G0021G0025G0029|G0028G0029G0021G0025|G0028G0030G0021G0025|G0028G0021G0025G0031|G0028G0031G0021G0025|G0028G0021G0025G0030|G0001G0021G0031|G0004G0021G0031,16
G0028G0031G0021G0025,11,4,3,G0028G0021G0025|G0028G0029G0021G0025|G0028G0030G0021G0025,11,G0028G0021G0025G0017|G0028G0021G0030G0025|G0028G0021G0025G0029|G0028G0021G0025G0031|G0028G0021G0031G0025|G0004G0031G0021|G0028G0021G0025G0030|G0028G0006G0025|G0028G0021G0029G0025|G0010G0031G0021,14
G0001G0014G0016,10,3,6,G0001G0014|G0014G0016|G0001G0014G0029|G0001G0014G0031|G0020G0014G0016|G0001G0014G0030,62,G0014G0004|G0014G0013|G0020G0014|G0014|G0010G0014|G0004G0014|G0001G0002|G0004G0016|G0001|G0001G0021,68
G0004G0016G0029,10,3,10,G0004G0016|G0004G0029|G0004G0002G0029|G0004G0016G0025|G0004G0021G0029|G0014G0016G0029|G0004G0016G0030|G0004G0016G0031|G0004G0014G0029|G0004G0023G0029,61,G0004|G0004G0002|G0013G0016G0013|G0014G0016|G0004G0014|G0004G0021|G0027G0016G0013|G0021G0029|G0016|G0028G0016G0014,71
G0004G0029G0021,10,3,7,G0004G0021|G0004G0029|G0004G0029G0002|G0004G0030G0021|G0004G0031G0021|G0010G0029G0021|G0004G0029G0016,57,G0021|G0004|G0027G0005G0021|G0004G0002|G0004G0014|G0004G0016|G0001G0021|G0010G0021|G0013G0021|G0021G0029,64
G0004G0031G0021,10,3,9,G0004G0021|G0004G0031|G0004G0031G0002|G0004G0030G0021|G0004G0031G0014|G0004G0029G0021|G0004G0031G0016|G0010G0031G0021|G0001G0031G0021,56,G0021|G0004|G0027G0005G0021|G0004G0002|G0004G0014|G0004G0016|G0001G0021|G0010G0021|G0013G0021|G0021G0031,65
G0006G0031G0013,10,3,2,G0006G0013|G0014G0031G0013,33,G0014G0013|G0013G0016G0013|G0027G0016G0013|G0021G0031|G0004G0031|G0002G0031|G0013|G0001G0031G0014|G0010G0016G0013|G0004G0031G0002,35
G0010G0006G0016G0014,10,4,1,G0010G0006G0016,20,G0010G0014|G0028G0016G0014|G0010G0016G0013|G0013G0016G0014|G0010G0006|G0004G0006G0014|G0027G0006G0014|G0012G0006G0014|G0010G0006G0002|G0003G0006G0014,21
G0010G0014G0002,10,3,7,G0010G0014|G0010G0006G0002|G0020G0014G0002|G0007G0014G0002|G0010G0014G0031|G0010G0014G0030|G0010G0014G0029,69,G0002|G0014G0004|G0004G0002|G0001G0014|G0014G0013|G0020G0014|G0014G0016|G0014|G0004G0014|G0001G0002,76
G0010G0014G0029,10,3,9,G0010G0014|G0001G0014G0029|G0010G0014G0031|G0020G0014G0029|G0010G0014G0030|G0010G0014G0002|G0010G0021G0029|G0014G0029|G0004G0014G0029,70,G0014G0004|G0001G0014|G0014G0013|G0020G0014|G0014G0016|G0014|G0004G0014|G0010G0022|G0010G0021|G0010,79
G0010G0015,10,2,7,G0010G0014|G0010G0022|G0010G0021|G0010|G0010G0006|G0010G0009|G0010G0030,86,G0021|G0002|G0004|G0014G0004|G0004G0002|G0001G0014|G0014G0013|G0027G0005|G0020G0014|G0014G0016,93
G0010G0016G0013G0016,10,4,1,G0010G0016G0013,15,G0013G0016G0013|G0027G0016G0013|G0010G0006G0016|G0013G0016G0013G0030|G0004G0016G0027G0016|G0028G0016G0027G0016|G0004G0016G0025G0016|G0020G0016G0013G0001G0016|G0016G0013G0001|G0013G0016G0013G0029,16
G0010G0030G0014,10,3,8,G0010G0014|G0001G0030G0014|G0020G0030G0014|G0004G0030G0014|G0010G0029G0014|G0010G0031G0014|G0010G0030G0022|G0010G0030,58,G0001G0014|G0020G0014|G0014|G0004G0014|G0010G0022|G0010G0021|G0010|G0021G0030|G0011G0014|G0028G0016G0014,66
G0013G0021G0029,10,3,6,G0013G0021|G0021G0029|G0004G0021G0029|G0010G0021G0029|G0013G0021G0031|G0001G0021G0029,44,G0021|G0013G0016G0013|G0028G0021G0025|G0004G0021|G0001G0021|G0010G0021|G0021G0031|G0020G0021|G0021G0030|G0004G0029,50
G0014G0013G0029,10,3,5,G0014G0013|G0014G0004G0029|G0014G0016G0029|G0014G0013G0031|G0014G0029,45,G0014G0004|G0014G0016|G0014|G0013G0021|G0006G0013|G0021G0029|G0004G0029|G0002G0029|G0013|G0004G0002G0029,50
G0014G0031,10,2,20,G0014G0004|G0014G0013|G0014G0016|G0014|G0021G0031|G0004G0031|G0002G0031|G0001G0014G0031|G0014G0031G0004|G0014G0031G0013,113,G0021|G0002|G0004|G0004G0002|G0001G0014|G0027G0005|G0020G0014|G0018|G0010G0014|G0004G0014,133
G0016G0013G0001,10,3,1,G0016G0013G0001G0021,24,G0014G0013|G0013G0016G0013|G0027G0016G0013|G0001|G0013G0021|G0006G0013|G0016|G0016G0025|G0013|G0010G0016G0013,25
G0018G0031,10,2,7,G0018|G0021G0031|G0004G0031|G0002G0031|G0018G0030|G0014G0031|G0018G0029,97,G0021|G0002|G0004|G0014G0004|G0004G0002|G0001G0014|G0014G0013|G0027G0005|G0020G0014|G0014G0016,104
G0027G0016G0020,10,3,3,G0027G0016G0013|G0027G0016G0020G0021|G0027G0016G0025,40,G0027G0005G0021|G0027G0005|G0013G0016G0013|G0014G0016|G0004G0016|G0016|G0028G0016G0014|G0020|G0016G0025|G0010G0016G0013,43
G0028G0021G0025G0030,10,4,4,G0028G0021G0025|G0028G0021G0025G0017|G0028G0021G0025G0029|G0028G0021G0025G0031,11,G0021G0030|G0021G0025G0002|G0028G0021G0030G0025|G0028G0029G0021G0025|G0028G0030G0021G0025|G0004G0021G0030|G0028G0021G0031G0025|G0028G0031G0021G0025|G0028G0006G0025|G0028G0021G0029G0025,15
G0001G0021G0031,9,3,7,G0001G0021|G0021G0031|G0001G0014G0031|G0004G0021G0031|G0010G0021G0031|G0013G0021G0031|G0001G0021G0029,52,G0021|G0001G0014|G0028G0021G0025|G0001G0002|G0004G0021|G0001|G0010G0021|G0013G0021|G0021G0029|G0020G0021,59
G0003G0002G0025,9,3,1,G0003G0002,29,G0002|G0004G0002|G0028G0021G0025|G0001G0002|G0020G0002|G0003G0006|G0002G0029|G0002G0031|G0016G0025|G0002G0030,30
G0004G0021G0031,9,3,11,G0004G0021|G0021G0031|G0004G0031|G0004G0002G0031|G0004G0021G0029|G0004G0014G0031|G0004G0021G0030|G0001G0021G0031|G0004G0016G0031|G0010G0021G0031,57,G0021|G0004|G0004G0002|G0028G0021G0025|G0004G0014|G0004G0016|G0001G0021|G0010G0021|G0013G0021|G0021G0029,68
G0004G0031G0016,9,3,7,G0004G0016|G0004G0031|G0004G0031G0002|G0004G0031G0014|G0004G0031G0021|G0004G0029G0016|G0014G0031G0016,57,G0004|G0004G0002|G0014G0016|G0004G0014|G0004G0021|G0021G0031|G0016|G0004G0029|G0002G0031|G0004G0030,64
G0010G0021G0029,9,3,7,G0010G0021|G0021G0029|G0004G0021G0029|G0010G0014G0029|G0013G0021G0029|G0010G0021G0031|G0001G0021G0029,61,G0021|G0010G0014|G0028G0021G0025|G0004G0021|G0010G0022|G0001G0021|G0010|G0013G0021|G0021G0031|G0020G0021,68
G0010G0022G0030,9,3,4,G0010G0022|G0010G0014G0030|G0010G0022G0031|G0010G0030,39,G0010G0014|G0010G0021|G0010|G0021G0030|G0004G0030|G0002G0030|G0010G0016G0013|G0004G0002G0030|G0010G0006|G0001G0014G0030,43
G0010G0022G0031,9,3,4,G0010G0022|G0010G0014G0031|G0010G0022G0030|G0010G0021G0031,39,G0010G0014|G0010G0021|G0010|G0021G0031|G0004G0031|G0002G0031|G0010G0016G0013|G0001G0014G0031|G0004G0002G0031|G0010G0006,43
G0010G0029G0021,9,3,5,G0010G0021|G0010G0029G0014|G0004G0029G0021|G0010G0031G0021|G0010G0006G0021,52,G0021|G0027G0005G0021|G0010G0014|G0004G0021|G0010G0022|G0001G0021|G0010|G0013G0021|G0021G0029|G0020G0021,57
G0011G0002G0013G0011G0016,9,5,0,,2,G0011G0006G0011G0011G0016|G0011G0016G0010G0011G0016,2
G0011G0006G0011G0011G0014,9,5,2,G0011G0006G0011G0011G0016|G0011G0006G0011G0011G0021,0,,2
G0011G0006G0016,9,3,3,G0011G0006|G0010G0006G0016|G0011G0006G0002,34,G0014G0016|G0004G0016|G0006G0013|G0011G0014|G0016|G0003G0006|G0020G0014G0016|G0010G0006|G0004G0006G0014|G0011G0021,37
G0011G0029G0006,9,3,2,G0011G0006|G0011G0031G0006,27,G0021G0029|G0011G0014|G0003G0006|G0004G0029|G0002G0029|G0001G0029G0014|G0014G0029G0004|G0010G0006|G0004G0029G0002|G0011G0021,29
G0012G0006G0021G0010G0011G0002,9,6,1,G0012G0006G0021G0010G0011G0014,1,G0012G0006G0021G0004G0004G0002,2
G0012G0006G0021G0014,9,4,2,G0012G0006G0021G0004|G0012G0006G0014,12,G0004G0006G0014|G0027G0006G0014|G0012G0006G0002G0004|G0003G0006G0014|G0021G0014|G0012G0006G0014G0007G0014|G0010G0006G0016G0014|G0012G0006G0002|G0012G0006G0021G0004G0004G0014|G0001G0006G0021,14
G0013G0016G0013G0029,9,4,3,G0013G0016G0013|G0013G0016G0013G0030|G0013G0016G0013G0031,16,G0027G0016G0013|G0010G0016G0013|G0013G0016G0014|G0013G0030G0016G0013|G0014G0016G0029|G0013G0016G0031G0013|G0013G0031G0016G0013|G0013G0029G0016G0013|G0004G0016G0029|G0010G0016G0013G0016,19
G0013G0016G0030G0013,9,4,3,G0013G0016G0013|G0013G0016G0031G0013|G0013G0016G0029G0013,14,G0027G0016G0013|G0010G0016G0013|G0013G0016G0014|G0014G0030G0013|G0013G0016G0013G0030|G0013G0030G0016G0013|G0013G0031G0016G0013|G0013G0029G0016G0013|G0027G0016G0031G0013|G0013G0016G0013G0029,17
G0014G0016G0031,9,3,7,G0014G0016|G0014G0004G0031|G0014G0016G0029|G0014G0013G0031|G0014G0031|G0004G0016G0031|G0014G0016G0030,54,G0014G0004|G0014G0013|G0013G0016G0013|G0014|G0027G0016G0013|G0004G0016|G0021G0031|G0016|G0028G0016G0014|G0004G0031,61
G0018G0029,9,2,9,G0018|G0021G0029|G0004G0029|G0002G0029|G0018G0030|G0018G0031|G0020G0029|G0001G0029|G0014G0029,90,G0021|G0002|G0004|G0014G0004|G0004G0002|G0001G0014|G0014G0013|G0027G0005|G0020G0014|G0014G0016,99
G0020G0002G0004,9,3,3,G0020G0002|G0011G0002G0004|G0020G0002G0014,36,G0002|G0004|G0014G0004|G0004G0002|G0020G0014|G0001G0002|G0020G0021|G0020|G0002G0029|G0002G0031,39
G0020G0014G0030,9,3,9,G0020G0014|G0020G0014G0016|G0001G0014G0030|G0014G0030|G0020G0014G0031|G0004G0014G0030|G0020G0014G0002|G0020G0014G0029|G0010G0014G0030,53,G0014G0004|G0001G0014|G0014G0013|G0014G0016|G0014|G0010G0014|G0004G0014|G0020G0002|G0020G0021|G0028G0014G0015,62
G0020G0029,9,2,11,G0020G0014|G0021G0029|G0020G0002|G0020G0021|G0020|G0004G0029|G0002G0029|G0020G0014G0029|G0018G0029|G0001G0029,96,G0021|G0002|G0004|G0014G0004|G0004G0002|G0001G0014|G0014G0013|G0027G0005|G0014G0016|G0014,107
G0021G0004G0004G0014,9,4,0,,7,G0004G0014|G0004G0006G0014|G0004G0030G0014|G0004G0031G0014|G0021G0014|G0021G0004|G0012G0006G0021G0004G0004G0014,7
G0027G0016G0004G0006G0014,9,5,0,,2,G0004G0006G0014|G0027G0006G0014,2
G0027G0016G0025,9,3,4,G0027G0016G0013|G0016G0025|G0004G0016G0025|G0027G0016G0020,43,G0027G0005G0021|G0027G0005|G0013G0016G0013|G0014G0016|G0028G0021G0025|G0004G0016|G0016|G0028G0016G0014|G0027G0016G0020G0021|G0010G0016G0013,47
G0027G0029G0005,9,3,4,G0027G0005|G0027G0029G0005G0021|G0027G0031G0005|G0027G0030G0005,34,G0027G0005G0021|G0027G0016G0013|G0021G0029|G0004G0029|G0002G0029|G0001G0029G0014|G0027G0031G0005G0021|G0027G0005G0029G0021|G0027G0030G0005G0021|G0027G0005G0014,38
G0027G0030G0016G0013,9,4,2,G0027G0016G0013|G0013G0030G0016G0013,13,G0013G0016G0013|G0010G0016G0013|G0027G0030G0005G0021|G0014G0030G0013|G0014G0030G0016|G0013G0031G0016G0013|G0013G0029G0016G0013|G0027G0016G0031G0013|G0027G0016G0020|G0027G0016G0025,15
G0028G0006G0025,9,3,1,G0028G0021G0025,33,G0011G0006|G0006G0013|G0028G0014G0015|G0028G0016G0014|G0003G0006|G0016G0025|G0004G0016G0025|G0010G0006|G0004G0006G0014|G0010G0006G0016,34
G0028G0021G0029G0025,9,4,3,G0028G0021G0025|G0028G0021G0030G0025|G0028G0021G0031G0025,13,G0021G0029|G0028G0021G0025G0017|G0028G0021G0025G0029|G0004G0021G0029|G0028G0029G0021G0025|G0028G0030G0021G0025|G0028G0021G0025G0031|G0028G0031G0021G0025|G0013G0021G0029|G0028G0021G0025G0030,16
G0001G0029,8,2,15,G0001G0014|G0001G0002|G0001|G0001G0021|G0021G0029|G0004G0029|G0002G0029|G0001G0029G0014|G0001G0014G0029|G0001G0030,96,G0021|G0002|G0004|G0014G0004|G0004G0002|G0014G0013|G0027G0005|G0020G0014|G0014G0016|G0014,111
G0002G0004G0011G0025G0014,8,5,2,G0002G0004G0011G0025G0002|G0002G0004G0011G0025G0016,0,,2
G0003G0009,8,2,4,G0003G0006|G0003G0002|G0013G0009|G0010G0009,72,G0021|G0002|G0004|G0014G0004|G0004G0002|G0001G0014|G0014G0013|G0027G0005|G0020G0014|G0014G0016,76
G0004G0016G0030,8,3,9,G0004G0016|G0004G0030|G0004G0016G0025|G0004G0002G0030|G0004G0014G0030|G0004G0021G0030|G0004G0016G0029|G0004G0016G0031|G0014G0016G0030,60,G0004|G0004G0002|G0013G0016G0013|G0014G0016|G0004G0014|G0004G0021|G0027G0016G0013|G0021G0030|G0016|G0028G0016G0014,69
G0004G0029G0016,8,3,6,G0004G0016|G0004G0029|G0004G0029G0002|G0014G0029G0016|G0004G0029G0021|G0004G0031G0016,56,G0004|G0004G0002|G0014G0016|G0004G0014|G0004G0021|G0021G0029|G0016|G0002G0029|G0004G0031|G0004G0030,62
G0007G0014G0010G0016,8,4,0,,10,G0014G0016|G0020G0014G0016|G0014G0030G0016|G0007G0014G0001G0014|G0007G0014|G0007G0014G0002|G0014G0029G0016|G0001G0014G0016|G0014G0031G0016|G0007G0016,10
G0010G0016G0004,8,3,1,G0010G0016G0013,55,G0004|G0014G0004|G0013G0016G0013|G0014G0016|G0010G0014|G0010G0022|G0027G0016G0013|G0004G0016|G0010G0021|G0010,56
G0010G0030G0022,8,3,3,G0010G0022|G0010G0030G0014|G0010G0030,40,G0010G0014|G0010G0021|G0010|G0021G0030|G0004G0030|G0002G0030|G0001G0030G0014|G0010G0016G0013|G0004G0030G0002|G0014G0030G0004,43
G0010G0031G0021,8,3,6,G0010G0021|G0010G0031G0014|G0004G0031G0021|G0010G0029G0021|G0001G0031G0021|G0010G0006G0021,54,G0021|G0027G0005G0021|G0010G0014|G0004G0021|G0010G0022|G0001G0021|G0010|G0013G0021|G0021G0031|G0020G0021,60
G0011G0016G0010G0011G0016,8,5,0,,3,G0011G0006G0011G0011G0016|G0011G0002G0013G0011G0016|G0010G0016G0011G0011G0016,3
G0011G0021G0025G0025G0002,8,5,0,,3,G0021G0025G0002|G0011G0025G0002|G0021G0025G0029G0002,3
G0012G0006G0002,8,3,4,G0011G0006G0002|G0012G0006G0014|G0010G0006G0002|G0012G0006G0002G0004,34,G0002|G0004G0002|G0001G0002|G0011G0006|G0006G0013|G0020G0002|G0003G0006|G0004G0030G0002|G0012G0006G0021G0004|G0004G0031G0002,38
G0013G0016G0013G0031,8,4,3,G0013G0016G0013|G0013G0016G0013G0030|G0013G0016G0013G0029,16,G0027G0016G0013|G0010G0016G0013|G0013G0016G0014|G0013G0030G0016G0013|G0013G0016G0031G0013|G0013G0031G0016G0013|G0013G0029G0016G0013|G0014G0013G0031|G0010G0016G0013G0016|G0016G0013G0001,19
G0013G0016G0029G0013,8,4,4,G0013G0016G0013|G0013G0016G0031G0013|G0013G0016G0030G0013|G0027G0016G0029G0013,14,G0027G0016G0013|G0010G0016G0013|G0013G0016G0014|G0013G0016G0013G0030|G0013G0030G0016G0013|G0014G0016G0029|G0013G0031G0016G0013|G0013G0029G0016G0013|G0014G0029G0013|G0027G0016G0031G0013,18
G0014G0029,8,2,22,G0014G0004|G0014G0013|G0014G0016|G0014|G0021G0029|G0004G0029|G0002G0029|G0014G0004G0029|G0001G0014G0029|G0014G0029G0004,106,G0021|G0002|G0004|G0004G0002|G0001G0014|G0027G0005|G0020G0014|G0018|G0010G0014|G0004G0014,128
G0014G0031G0016,8,3,7,G0014G0016|G0014G0031G0004|G0014G0031G0013|G0014G0030G0016|G0014G0029G0016|G0014G0031|G0004G0031G0016,49,G0014G0004|G0014G0013|G0014|G0004G0016|G0021G0031|G0016|G0004G0031|G0002G0031|G0001G0031G0014|G0014G0004G0029,56
G0016G0027G0027G0005G0014,8,5,0,,1,G0027G0005G0014,1
G0021G0004,8,2,8,G0021|G0004|G0014G0004|G0021G0031|G0021G0029|G0021G0030|G0021G0001|G0021G0014,88,G0002|G0004G0002|G0001G0014|G0014G0013|G0027G0005|G0020G0014|G0014G0016|G0014|G0018|G0010G0014,96
G0021G0025G0029G0002,8,4,1,G0021G0025G0002,5,G0021G0029|G0004G0029G0002|G0011G0025G0002|G0028G0021G0025G0029|G0011G0021G0025G0025G0002,6
G0021G0026G0026G0021,8,4,0,,0,,0
G0027G0005G0029,8,3,8,G0027G0005G0021|G0027G0005|G0027G0005G0021G0029|G0027G0005G0029G0021|G0027G0005G0014|G0027G0005G0009|G0027G0005G0030|G0027G0005G0031,42,G0027G0016G0013|G0021G0029|G0027G0029G0005G0021|G0004G0029|G0002G0029|G0027G0005G0021G0031|G0004G0002G0029|G0027G0005G0030G0021|G0027G0005G0031G0021|G0014G0004G0029,50
G0027G0016G0013G0030,8,4,2,G0027G0016G0013|G0013G0016G0013G0030,19,G0013G0016G0013|G0027G0016G0020G0021|G0010G0016G0013|G0027G0016G0010G0022|G0027G0005G0021G0030|G0027G0005G0030|G0027G0016G0031G0013|G0010G0016G0013G0016|G0016G0013G0001|G0027G0016G0020,21
G0027G0030G0005,8,3,4,G0027G0005|G0027G0030G0005G0021|G0027G0031G0005|G0027G0029G0005,36,G0027G0005G0021|G0027G0016G0013|G0021G0030|G0027G0029G0005G0021|G0004G0030|G0002G0030|G0027G0005G0030G0021|G0001G0030G0014|G0027G0031G0005G0021|G0004G0030G0002,40
G0028G0002G0025G0016G0004G0021,8,6,0,,0,,0
G0001G0002G0030,7,3,6,G0001G0002|G0002G0030|G0004G0002G0030|G0001G0014G0030|G0001G0030|G0001G0002G0029,48,G0002|G0004G0002|G0001G0014|G0001|G0001G0021|G0020G0002|G0021G0030|G0002G0029|G0002G0031|G0004G0030,54
G0001G0014G0010G0010G0014,7,5,1,G0001G0014G0010G0010G0021,0,,1
G0001G0014G0013G0002G0013G0024G0014,7,7,0,,0,,0
G0002G0004G0004G0016G0025,7,5,0,,2,G0004G0016G0025|G0002G0013G0027G0016G0025,2
G0002G0021G0025G0021,7,4,0,,8,G0028G0021G0025|G0021G0025G0002|G0028G0021G0025G0017|G0028G0021G0025G0029|G0003G0021G0027G0021|G0028G0021G0025G0031|G0028G0021G0025G0030|G0002G0025G0011G0021,8
G0002G0025G0011G0021,7,4,0,,2,G0011G0021|G0002G0021G0025G0021,2
G0003G0016G0025G0024G0002,7,5,0,,0,,0
G0003G0016G0027G0016,7,4,2,G0004G0016G0027G0016|G0028G0016G0027G0016,4,G0003G0021G0027G0021|G0004G0016G0025G0016|G0010G0016G0013G0016|G0007G0016G0027G0021,6
G0003G0031G0006,7,3,2,G0003G0006|G0011G0031G0006,27,G0011G0006|G0021G0031|G0004G0031|G0002G0031|G0001G0031G0014|G0004G0031G0002|G0003G0002|G0010G0006|G0014G0031G0004|G0014G0031G0013,29
G0004G0016G0031,7,3,9,G0004G0016|G0004G0031|G0004G0016G0025|G0004G0002G0031|G0004G0014G0031|G0004G0016G0029|G0004G0021G0031|G0014G0016G0031|G0004G0016G0030,61,G0004|G0004G0002|G0013G0016G0013|G0014G0016|G0004G0014|G0004G0021|G0027G0016G0013|G0021G0031|G0016|G0028G0016G0014,70
G0004G0029G0002G0031,7,4,2,G0004G0002G0031|G0004G0029G0002,13,G0004G0002|G0004G0029|G0004G0031|G0002G0031|G0004G0002G0029|G0004G0030G0002|G0004G0031G0002|G0004G0002G0030|G0004G0014G0031|G0004G0029G0021,15
G0007G0016,7,2,8,G0014G0016|G0004G0016|G0016|G0007|G0007G0002|G0007G0014|G0007G0016G0014|G0005G0016,92,G0021|G0002|G0004|G0014G0004|G0004G0002|G0001G0014|G0014G0013|G0027G0005|G0020G0014|G0013G0016G0013,100
G0007G0016G0027G0021,7,4,0,,8,G0027G0016G0020G0021|G0001G0016G0007G0021|G0004G0016G0027G0016|G0028G0016G0027G0016|G0007G0016G0014|G0003G0021G0027G0021|G0003G0016G0027G0016|G0007G0016,8
G0010G0006G0002G0029,7,4,1,G0010G0006G0002,13,G0002G0029|G0004G0002G0029|G0010G0006|G0010G0006G0016|G0011G0006G0002|G0012G0006G0002G0004|G0001G0002G0029|G0010G0006G0016G0014|G0010G0014G0002|G0010G0014G0029,14
G0010G0021G0031,7,3,8,G0010G0021|G0021G0031|G0010G0014G0031|G0001G0021G0031|G0004G0021G0031|G0010G0021G0029|G0010G0022G0031|G0013G0021G0031,55,G0021|G0010G0014|G0028G0021G0025|G0004G0021|G0010G0022|G0001G0021|G0010|G0013G0021|G0021G0029|G0020G0021,63
G0011G0021G0020G0028G0016,7,5,0,,0,,0
G0012G0006G0021G0004G0004G0014,7,6,1,G0012G0006G0021G0004G0004G0002,4,G0012G0006G0021G0004|G0012G0006G0021G0014|G0021G0004G0004G0014|G0012G0006G0021G0010G0011G0014,5
G0013G0021G0031,7,3,6,G0013G0021|G0021G0031|G0013G0021G0029|G0001G0021G0031|G0004G0021G0031|G0010G0021G0031,41,G0021|G0013G0016G0013|G0028G0021G0025|G0004G0021|G0001G0021|G0010G0021|G0021G0029|G0020G0021|G0021G0030|G0004G0031,47
G0014G0016G0030,7,3,6,G0014G0016|G0014G0030|G0014G0004G0030|G0014G0016G0029|G0014G0016G0031|G0004G0016G0030,56,G0014G0004|G0014G0013|G0013G0016G0013|G0014|G0027G0016G0013|G0004G0016|G0021G0030|G0016|G0028G0016G0014|G0004G0030,62
G0027G0014G0021G0004,7,4,0,,12,G0027G0005G0021|G0014G0004|G0027G0005G0021G0029|G0027G0005G0021G0031|G0012G0006G0021G0004|G0014G0029G0004|G0027G0014|G0014G0030G0004|G0014G0031G0004|G0027G0005G0021G0030,12
G0027G0016G0020G0030G0021,7,5,1,G0027G0016G0020G0021,3,G0027G0005G0030G0021|G0027G0016G0020|G0027G0016G0013G0030,4
G0027G0016G0029G0013,7,4,3,G0027G0016G0013|G0027G0016G0031G0013|G0013G0016G0029G0013,16,G0013G0016G0013|G0027G0016G0020G0021|G0010G0016G0013|G0027G0005G0029G0021|G0027G0016G0010G0022|G0014G0016G0029|G0013G0016G0031G0013|G0014G0029G0013|G0004G0016G0029|G0027G0016G0020,19
G0028G0014G0018,7,3,1,G0028G0014G0015,39,G0014G0004|G0001G0014|G0014G0013|G0020G0014|G0014G0016|G0014|G0018|G0010G0014|G0028G0021G0025|G0004G0014,40
G0001G0006G0021,6,3,4,G0001G0021|G0001G0030G0021|G0001G0031G0021|G0010G0006G0021,48,G0021|G0027G0005G0021|G0001G0014|G0001G0002|G0004G0021|G0001|G0010G0021|G0011G0006|G0013G0021|G0006G0013,52
G0001G0021G0029,6,3,9,G0001G0021|G0021G0029|G0001G0014G0029|G0004G0021G0029|G0001G0002G0029|G0013G0021G0029|G0001G0021G0031|G0010G0021G0029|G0001G0029,51,G0021|G0001G0014|G0028G0021G0025|G0001G0002|G0004G0021|G0001|G0010G0021|G0013G0021|G0021G0031|G0020G0021,60
G0001G0030G0002,6,3,6,G0001G0002|G0001G0030G0014|G0004G0030G0002|G0001G0030|G0001G0030G0021|G0001G0031G0002,49,G0002|G0004G0002|G0001G0014|G0001|G0001G0021|G0020G0002|G0021G0030|G0004G0030|G0001G0029G0014|G0002G0030,55
G0001G0031G0021,6,3,7,G0001G0021|G0001G0031G0014|G0001G0030G0021|G0001G0031G0002|G0004G0031G0021|G0010G0031G0021|G0001G0006G0021,48,G0021|G0027G0005G0021|G0001G0014|G0001G0002|G0004G0021|G0001|G0010G0021|G0013G0021|G0021G0031|G0020G0021,55
G0004G0014G0029,6,3,12,G0004G0014|G0004G0029|G0004G0002G0029|G0001G0014G0029|G0004G0014G0030|G0004G0021G0029|G0020G0014G0029|G0004G0014G0031|G0004G0016G0029|G0010G0014G0029,70,G0004|G0014G0004|G0004G0002|G0001G0014|G0014G0013|G0020G0014|G0014G0016|G0014|G0010G0014|G0004G0021,82
G0004G0023G0029,6,3,6,G0004G0029|G0004G0023|G0004G0002G0029|G0004G0021G0029|G0004G0016G0029|G0004G0014G0029,44,G0004|G0004G0002|G0004G0014|G0004G0021|G0004G0016|G0021G0029|G0002G0029|G0004G0031|G0004G0030|G0014G0004G0029,50
G0005G0002G0014,6,3,2,G0005G0002|G0020G0002G0014,46,G0002|G0004G0002|G0001G0014|G0020G0014|G0014|G0010G0014|G0004G0014|G0001G0002|G0020G0002|G0011G0014,48
G0005G0016,6,2,5,G0014G0016|G0004G0016|G0016|G0005G0002|G0007G0016,99,G0021|G0002|G0004|G0027G0005G0021|G0014G0004|G0004G0002|G0001G0014|G0014G0013|G0027G0005|G0020G0014,104
G0006G0013G0030,6,3,2,G0006G0013|G0006G0013G0002,29,G0014G0013|G0013G0021|G0021G0030|G0004G0030|G0002G0030|G0013|G0004G0002G0030|G0001G0014G0030|G0013G0009|G0027G0005G0030,31
G0010G0002G0013G0019G0006G0021,6,6,0,,0,,0
G0010G0006G0021,6,3,7,G0010G0021|G0010G0006|G0010G0006G0016|G0010G0006G0002|G0010G0029G0021|G0010G0031G0021|G0001G0006G0021,47,G0021|G0027G0005G0021|G0010G0014|G0004G0021|G0010G0022|G0001G0021|G0011G0006|G0010|G0013G0021|G0006G0013,54
G0010G0016G0007G0025G0002,6,5,0,,0,,0
G0010G0016G0011G0011G0016,6,5,0,,3,G0011G0006G0011G0011G0016|G0010G0016G0013G0016|G0011G0016G0010G0011G0016,3
G0010G0030,6,2,17,G0010G0014|G0010G0022|G0010G0021|G0010|G0021G0030|G0004G0030|G0002G0030|G0010G0006|G0014G0030|G0001G0030,96,G0021|G0002|G0004|G0014G0004|G0004G0002|G0001G0014|G0014G0013|G0027G0005|G0020G0014|G0014G0016,113
G0011,6,1,15,G0021|G0002|G0004|G0014|G0018|G0001|G0011G0006|G0010|G0011G0014|G0016,63,G0014G0004|G0004G0002|G0001G0014|G0014G0013|G0027G0005|G0020G0014|G0014G0016|G0010G0014|G0004G0014|G0001G0002,78
G0011G0006G0011G0011G0021,6,5,2,G0011G0006G0011G0011G0016|G0011G0006G0011G0011G0014,0,,2
G0012G0006G0021G0010G0011G0014,6,6,1,G0012G0006G0021G0010G0011G0002,2,G0012G0006G0021G0014|G0012G0006G0021G0004G0004G0014,3
