source_id,language,family,control_seed,relation,competitor,selected_hyperparameter,bootstrap_units,bootstrap_replicates,bootstrap_seed,competitor_bits_per_event,trigram_bits_per_event,delta_competitor_minus_trigram_bits_per_event,relative_nll_reduction_trigram_vs_competitor,ci_95_lower,ci_95_upper,bootstrap_probability_trigram_better,bootstrap_probability_competitor_better,direction_match_voynich,strong_direction_match_voynich,variant_count,phase3a4_mechanism
french_profiterole_ud218,French,base_form_suffix_extended_K4,40814041438,hmm_space_free,categorical_hmm,16,387,10000,5867706493297202015,3.4807755797418976,3.117810779463019,0.36296480027887856,0.10427698998790169,0.3385523317631115,0.38631492411990215,1.0,0.0,True,True,4,base_form_suffix_extended
french_profiterole_ud218,French,base_form_suffix_extended_K4,40814041438,hmm_token_aware,categorical_hmm,16,387,10000,6610565738956092425,2.9814267495986884,2.6575230982885927,0.3239036513100957,0.10864048608730503,0.3026919609791026,0.3451254274799483,1.0,0.0,True,True,4,base_form_suffix_extended
french_profiterole_ud218,French,base_form_suffix_extended_K4,40814041438,slot_grammar,finite_template_slot_grammar,16,387,10000,6823397613153702651,3.0455376926273403,2.6067988653811485,0.43873882724619184,0.1440595623913289,0.4185702243135342,0.4597359930357247,1.0,0.0,True,True,4,base_form_suffix_extended
french_profiterole_ud218,French,base_form_suffix_extended_K4,40814041438,token_markov,exact_token_markov,1,387,10000,4461242921246805757,2.4304109221851475,2.6067988653811485,-0.17638794319600093,-0.0725753581774613,-0.20456198545487594,-0.1486880970935644,0.0,1.0,False,False,4,base_form_suffix_extended
french_profiterole_ud218,French,base_form_suffix_extended_K4,40814041438,copy_edit,local_copy_edit,16,387,10000,362612091503879642,4.087241218733625,2.6067988653811485,1.4804423533524762,0.3622106634095774,1.450760517194443,1.508837129550101,1.0,0.0,True,True,4,base_form_suffix_extended
french_profiterole_ud218,French,base_form_suffix_extended_K4,40814041439,hmm_space_free,categorical_hmm,16,387,10000,7235177232836878394,3.491854430698129,3.1171646660222687,0.37468976467586046,0.107303947547707,0.3489909956120598,0.4003410180664712,1.0,0.0,True,True,4,base_form_suffix_extended
french_profiterole_ud218,French,base_form_suffix_extended_K4,40814041439,hmm_token_aware,categorical_hmm,16,387,10000,8869351870724278548,2.993558040779364,2.6571978814465615,0.3363601593328025,0.11236132881032501,0.3160560585661982,0.35662024490314004,1.0,0.0,True,True,4,base_form_suffix_extended
french_profiterole_ud218,French,base_form_suffix_extended_K4,40814041439,slot_grammar,finite_template_slot_grammar,16,387,10000,8702868400284343721,3.072186413055064,2.606709038711838,0.46547737434322567,0.15151338875961717,0.44472396019068045,0.48667250614151153,1.0,0.0,True,True,4,base_form_suffix_extended
french_profiterole_ud218,French,base_form_suffix_extended_K4,40814041439,token_markov,exact_token_markov,1,387,10000,1605738213271121323,2.427859413409136,2.606709038711838,-0.1788496253027021,-0.07366556082897979,-0.2083925004621976,-0.15039751453940903,0.0,1.0,False,False,4,base_form_suffix_extended
french_profiterole_ud218,French,base_form_suffix_extended_K4,40814041439,copy_edit,local_copy_edit,16,387,10000,8824902787031166882,4.086367604623588,2.606709038711838,1.4796585659117496,0.36209629408709243,1.4511238768605872,1.5079220795339394,1.0,0.0,True,True,4,base_form_suffix_extended
french_profiterole_ud218,French,base_form_suffix_extended_K4,40814041440,hmm_space_free,categorical_hmm,16,387,10000,6119705547235223096,3.5011249249911742,3.1189201250451406,0.3822047999460336,0.10916628458980138,0.3589848836442634,0.40512017386628224,1.0,0.0,True,True,4,base_form_suffix_extended
french_profiterole_ud218,French,base_form_suffix_extended_K4,40814041440,hmm_token_aware,categorical_hmm,16,387,10000,289152583008682193,2.9936207799283765,2.6555145096542487,0.33810627027412776,0.11294225125007884,0.31677852873766504,0.3596528685327551,1.0,0.0,True,True,4,base_form_suffix_extended
french_profiterole_ud218,French,base_form_suffix_extended_K4,40814041440,slot_grammar,finite_template_slot_grammar,16,387,10000,3551070740219267163,3.049861643568034,2.6057015593138546,0.4441600842541793,0.14563286344181703,0.423832688289137,0.46440815431847005,1.0,0.0,True,True,4,base_form_suffix_extended
french_profiterole_ud218,French,base_form_suffix_extended_K4,40814041440,token_markov,exact_token_markov,1,387,10000,8695925586238026963,2.4181748830013996,2.6057015593138546,-0.187526676312455,-0.0775488479475479,-0.21479237646100305,-0.1609268067593499,0.0,1.0,False,False,4,base_form_suffix_extended
french_profiterole_ud218,French,base_form_suffix_extended_K4,40814041440,copy_edit,local_copy_edit,16,387,10000,5485612704768199033,4.084290380992338,2.6057015593138546,1.4785888216784837,0.362018535351847,1.4508780856516759,1.5063593662670076,1.0,0.0,True,True,4,base_form_suffix_extended
french_profiterole_ud218,French,base_form_suffix_extended_K4,40814041441,hmm_space_free,categorical_hmm,16,387,10000,8182759299006149231,3.4912006871506396,3.1181086950930514,0.37309199205758814,0.10686638365727674,0.3497093420226165,0.39709194127001946,1.0,0.0,True,True,4,base_form_suffix_extended
french_profiterole_ud218,French,base_form_suffix_extended_K4,40814041441,hmm_token_aware,categorical_hmm,16,387,10000,4490954258846668518,2.992800987937487,2.658442440925664,0.3343585470118229,0.11172094247477804,0.3126082996090932,0.3561889547531108,1.0,0.0,True,True,4,base_form_suffix_extended
french_profiterole_ud218,French,base_form_suffix_extended_K4,40814041441,slot_grammar,finite_template_slot_grammar,16,387,10000,5140035307640052117,3.047604072553303,2.60705373171845,0.4405503408348532,0.1445562908917356,0.4200546452931582,0.46096707906750206,1.0,0.0,True,True,4,base_form_suffix_extended
french_profiterole_ud218,French,base_form_suffix_extended_K4,40814041441,token_markov,exact_token_markov,1,387,10000,7827327628505405182,2.4292791132607765,2.60705373171845,-0.1777746184576734,-0.07317998886470067,-0.2052987270436387,-0.1509691222291372,0.0,1.0,False,False,4,base_form_suffix_extended
french_profiterole_ud218,French,base_form_suffix_extended_K4,40814041441,copy_edit,local_copy_edit,16,387,10000,3118099329276334496,4.084027833411297,2.60705373171845,1.4769741016928473,0.3616464338489005,1.4486269818708257,1.5053372085803247,1.0,0.0,True,True,4,base_form_suffix_extended
french_profiterole_ud218,French,base_form_suffix_extended_K4,40814041442,hmm_space_free,categorical_hmm,16,387,10000,900319866592762535,3.5027495510598237,3.1161007943548342,0.38664875670498944,0.11038435693696724,0.36243650493888707,0.410188042561973,1.0,0.0,True,True,4,base_form_suffix_extended
french_profiterole_ud218,French,base_form_suffix_extended_K4,40814041442,hmm_token_aware,categorical_hmm,16,387,10000,2654328143092886509,2.9813672969317695,2.654846179021807,0.3265211179099623,0.10952059420722737,0.30616631105782893,0.34662199001266736,1.0,0.0,True,True,4,base_form_suffix_extended
french_profiterole_ud218,French,base_form_suffix_extended_K4,40814041442,slot_grammar,finite_template_slot_grammar,16,387,10000,1848101306278274830,3.0583823044301868,2.6049870140782776,0.4533952903519092,0.14824676748068688,0.43298412676033643,0.47435070429755866,1.0,0.0,True,True,4,base_form_suffix_extended
french_profiterole_ud218,French,base_form_suffix_extended_K4,40814041442,token_markov,exact_token_markov,1,387,10000,8923037571639859185,2.418054334880804,2.6049870140782776,-0.18693267919747347,-0.07730706316270086,-0.21247700057953803,-0.16222376008305814,0.0,1.0,False,False,4,base_form_suffix_extended
french_profiterole_ud218,French,base_form_suffix_extended_K4,40814041442,copy_edit,local_copy_edit,16,387,10000,6945117170437319840,4.087485031355897,2.6049870140782776,1.482498017277619,0.36269197462622793,1.4555716966141572,1.5096549330745554,1.0,0.0,True,True,4,base_form_suffix_extended
french_profiterole_ud218,French,base_form_suffix_extended_K8,40814041438,hmm_space_free,categorical_hmm,16,387,10000,5797325610193400756,3.690963831074528,3.3408776379467944,0.3500861931277335,0.09484953230381965,0.3261433181795152,0.3731890049933976,1.0,0.0,True,True,8,base_form_suffix_extended
french_profiterole_ud218,French,base_form_suffix_extended_K8,40814041438,hmm_token_aware,categorical_hmm,16,387,10000,6155617420021271507,3.1668701440594385,2.834303515851304,0.3325666282081343,0.10501429268641738,0.31141684024288246,0.3527913194249652,1.0,0.0,True,True,8,base_form_suffix_extended
french_profiterole_ud218,French,base_form_suffix_extended_K8,40814041438,slot_grammar,finite_template_slot_grammar,16,387,10000,8874406796404556164,3.2279106937098185,2.7784327377510665,0.44947795595875206,0.13924733321607785,0.4291484626470274,0.46977160182496946,1.0,0.0,True,True,8,base_form_suffix_extended
french_profiterole_ud218,French,base_form_suffix_extended_K8,40814041438,token_markov,exact_token_markov,1,387,10000,5943306780659394952,2.707683215013073,2.7784327377510665,-0.07074952273799351,-0.02612917284626004,-0.095150181953315,-0.04699497078039248,0.0,1.0,False,False,8,base_form_suffix_extended
french_profiterole_ud218,French,base_form_suffix_extended_K8,40814041438,copy_edit,local_copy_edit,16,387,10000,2012007326244082689,4.265132246617795,2.7784327377510665,1.4866995088667285,0.34857055371393586,1.4581183418378874,1.5143646557344268,1.0,0.0,True,True,8,base_form_suffix_extended
french_profiterole_ud218,French,base_form_suffix_extended_K8,40814041439,hmm_space_free,categorical_hmm,16,387,10000,6357814684997051822,3.6942885387531397,3.3387865318813468,0.3555020068717929,0.09623016803981921,0.33053289741085573,0.3797090048034796,1.0,0.0,True,True,8,base_form_suffix_extended
french_profiterole_ud218,French,base_form_suffix_extended_K8,40814041439,hmm_token_aware,categorical_hmm,16,387,10000,5413133448623371359,3.157862396021276,2.8349105440155156,0.3229518520057604,0.10226913383327318,0.3024353457439196,0.3438131248934233,1.0,0.0,True,True,8,base_form_suffix_extended
french_profiterole_ud218,French,base_form_suffix_extended_K8,40814041439,slot_grammar,finite_template_slot_grammar,16,387,10000,7054543073073849053,3.2304220883124533,2.7794380780744046,0.4509840102380487,0.1396052893117875,0.43033642770135544,0.47205317020659376,1.0,0.0,True,True,8,base_form_suffix_extended
french_profiterole_ud218,French,base_form_suffix_extended_K8,40814041439,token_markov,exact_token_markov,1,387,10000,2061500575801416784,2.712239195787122,2.7794380780744046,-0.06719888228728266,-0.02477616369222191,-0.09165312922472792,-0.04352151539921286,0.0,1.0,False,False,8,base_form_suffix_extended
french_profiterole_ud218,French,base_form_suffix_extended_K8,40814041439,copy_edit,local_copy_edit,16,387,10000,511035730764137345,4.265417528357606,2.7794380780744046,1.4859794502832013,0.3483784272944027,1.457638704671668,1.5132088668500834,1.0,0.0,True,True,8,base_form_suffix_extended
french_profiterole_ud218,French,base_form_suffix_extended_K8,40814041440,hmm_space_free,categorical_hmm,16,387,10000,687707872306616682,3.6970708914964225,3.3389217531988433,0.3581491382975792,0.09687375460431458,0.33431356191734324,0.38188770687988166,1.0,0.0,True,True,8,base_form_suffix_extended
french_profiterole_ud218,French,base_form_suffix_extended_K8,40814041440,hmm_token_aware,categorical_hmm,16,387,10000,722430382149412001,3.1655662408926886,2.8310125598502967,0.3345536810423919,0.10568525678617535,0.31241994971336434,0.3561274092313973,1.0,0.0,True,True,8,base_form_suffix_extended
french_profiterole_ud218,French,base_form_suffix_extended_K8,40814041440,slot_grammar,finite_template_slot_grammar,16,387,10000,1590643243708664175,3.227220238794431,2.776141816724146,0.4510784220702848,0.1397730519435485,0.4303602347371547,0.4714050779213376,1.0,0.0,True,True,8,base_form_suffix_extended
french_profiterole_ud218,French,base_form_suffix_extended_K8,40814041440,token_markov,exact_token_markov,1,387,10000,8882604160262022964,2.69322012522605,2.776141816724146,-0.08292169149809592,-0.030789050891685266,-0.10665535193099399,-0.0601846312883154,0.0,1.0,False,False,8,base_form_suffix_extended
french_profiterole_ud218,French,base_form_suffix_extended_K8,40814041440,copy_edit,local_copy_edit,16,387,10000,8010741953702268022,4.2654055946229175,2.776141816724146,1.4892637778987714,0.349149393852762,1.4614087594877028,1.5172034157382475,1.0,0.0,True,True,8,base_form_suffix_extended
french_profiterole_ud218,French,base_form_suffix_extended_K8,40814041441,hmm_space_free,categorical_hmm,16,387,10000,7429557647882211160,3.6867740177124944,3.345236197191605,0.3415378205208892,0.09263866428482659,0.3168150007736156,0.36675204820012985,1.0,0.0,True,True,8,base_form_suffix_extended
french_profiterole_ud218,French,base_form_suffix_extended_K8,40814041441,hmm_token_aware,categorical_hmm,16,387,10000,5648126684646137577,3.1706676487623606,2.836925848868969,0.3337417998933918,0.10525915575656908,0.31276351102365496,0.35529435167917384,1.0,0.0,True,True,8,base_form_suffix_extended
french_profiterole_ud218,French,base_form_suffix_extended_K8,40814041441,slot_grammar,finite_template_slot_grammar,16,387,10000,9195790862569944970,3.2173442506488064,2.7801861828734755,0.43715806777533084,0.1358754406486573,0.4165309296853605,0.4582962867350418,1.0,0.0,True,True,8,base_form_suffix_extended
french_profiterole_ud218,French,base_form_suffix_extended_K8,40814041441,token_markov,exact_token_markov,1,387,10000,6397461754431311125,2.7089945717757864,2.7801861828734755,-0.07119161109768912,-0.026279717146506565,-0.0934452628638077,-0.05014045786954573,0.0,1.0,False,False,8,base_form_suffix_extended
french_profiterole_ud218,French,base_form_suffix_extended_K8,40814041441,copy_edit,local_copy_edit,16,387,10000,6649151980339197599,4.263040473959271,2.7801861828734755,1.4828542910857956,0.34783959949331755,1.455807032314902,1.5100956857480239,1.0,0.0,True,True,8,base_form_suffix_extended
french_profiterole_ud218,French,base_form_suffix_extended_K8,40814041442,hmm_space_free,categorical_hmm,16,387,10000,3021173833202403430,3.6987416507776985,3.3433497031326054,0.3553919476450931,0.09608455555969109,0.33047305139053973,0.380343338523104,1.0,0.0,True,True,8,base_form_suffix_extended
french_profiterole_ud218,French,base_form_suffix_extended_K8,40814041442,hmm_token_aware,categorical_hmm,16,387,10000,3599207821803670775,3.1587622413792817,2.8349370518108152,0.3238251895684665,0.10251648108439704,0.30304248615962687,0.34446145184915034,1.0,0.0,True,True,8,base_form_suffix_extended
french_profiterole_ud218,French,base_form_suffix_extended_K8,40814041442,slot_grammar,finite_template_slot_grammar,16,387,10000,3178692868496004279,3.229778323526531,2.780428549487017,0.44934977403951404,0.13912712546441208,0.4291198934889387,0.46868305373194924,1.0,0.0,True,True,8,base_form_suffix_extended
french_profiterole_ud218,French,base_form_suffix_extended_K8,40814041442,token_markov,exact_token_markov,1,387,10000,3700909871461651366,2.709089422385889,2.780428549487017,-0.07133912710112789,-0.026333249287245675,-0.0932524038369306,-0.05046463275523542,0.0,1.0,False,False,8,base_form_suffix_extended
french_profiterole_ud218,French,base_form_suffix_extended_K8,40814041442,copy_edit,local_copy_edit,16,387,10000,2628961993888804071,4.2672140274191905,2.780428549487017,1.4867854779321736,0.34842064831498065,1.4591745483512628,1.5140892326393793,1.0,0.0,True,True,8,base_form_suffix_extended
french_profiterole_ud218,French,base_form_suffix_extended_K16,40814041438,hmm_space_free,categorical_hmm,16,387,10000,7896657948566950417,3.914148488022248,3.581522681278865,0.33262580674338293,0.08498037510872591,0.30817021672230377,0.35708817096554657,1.0,0.0,True,True,16,base_form_suffix_extended
french_profiterole_ud218,French,base_form_suffix_extended_K16,40814041438,hmm_token_aware,categorical_hmm,16,387,10000,5094021966299341604,3.3399213178741607,3.017439924471189,0.32248139340297177,0.09655358995349905,0.3004240453553321,0.34483062660278424,1.0,0.0,True,True,16,base_form_suffix_extended
french_profiterole_ud218,French,base_form_suffix_extended_K16,40814041438,slot_grammar,finite_template_slot_grammar,16,387,10000,2949627703194790827,3.4006765107208605,2.9548279268562476,0.4458485838646129,0.13110584980930862,0.42493736932917153,0.4665376794323575,1.0,0.0,True,True,16,base_form_suffix_extended
french_profiterole_ud218,French,base_form_suffix_extended_K16,40814041438,token_markov,exact_token_markov,1,387,10000,8998205606506409848,2.965833213672456,2.9548279268562476,0.011005286816208493,0.0037106897196627076,-0.008145210121594837,0.029227748833777507,0.8722,0.1278,True,False,16,base_form_suffix_extended
french_profiterole_ud218,French,base_form_suffix_extended_K16,40814041438,copy_edit,local_copy_edit,16,387,10000,3690421299493817687,4.443320782554899,2.9548279268562476,1.4884928556986514,0.33499558743151814,1.4608194770479046,1.516135878180128,1.0,0.0,True,True,16,base_form_suffix_extended
french_profiterole_ud218,French,base_form_suffix_extended_K16,40814041439,hmm_space_free,categorical_hmm,16,387,10000,5607944867119773239,3.894423573270185,3.5816870062170683,0.3127365670531166,0.08030368581363867,0.2873069514853305,0.33726608877329683,1.0,0.0,True,True,16,base_form_suffix_extended
french_profiterole_ud218,French,base_form_suffix_extended_K16,40814041439,hmm_token_aware,categorical_hmm,16,387,10000,9045187185636781608,3.3526644665280814,3.0199434984191407,0.3327209681089407,0.09924075953043299,0.31059006819075236,0.35414313941870934,1.0,0.0,True,True,16,base_form_suffix_extended
french_profiterole_ud218,French,base_form_suffix_extended_K16,40814041439,slot_grammar,finite_template_slot_grammar,16,387,10000,7838666858455986250,3.4096953289200873,2.957528747531905,0.4521665813881821,0.13261201889594976,0.4301238411023101,0.4736869835364027,1.0,0.0,True,True,16,base_form_suffix_extended
french_profiterole_ud218,French,base_form_suffix_extended_K16,40814041439,token_markov,exact_token_markov,1,387,10000,4832165552111452568,2.9663306683790345,2.957528747531905,0.008801920847129274,0.002967275678654957,-0.010259349384451432,0.02712965244833,0.825,0.175,True,False,16,base_form_suffix_extended
french_profiterole_ud218,French,base_form_suffix_extended_K16,40814041439,copy_edit,local_copy_edit,16,387,10000,6952146508509082297,4.4417123729212244,2.957528747531905,1.4841836253893192,0.3341467210793755,1.4571400154853185,1.5112208219992151,1.0,0.0,True,True,16,base_form_suffix_extended
french_profiterole_ud218,French,base_form_suffix_extended_K16,40814041440,hmm_space_free,categorical_hmm,16,387,10000,6182103867514473657,3.9072058346091993,3.587139224388151,0.32006661022104854,0.08191700764417542,0.2961799764887517,0.34465937506709626,1.0,0.0,True,True,16,base_form_suffix_extended
french_profiterole_ud218,French,base_form_suffix_extended_K16,40814041440,hmm_token_aware,categorical_hmm,16,387,10000,9216695804672315699,3.3343236979712207,3.0168896085975847,0.31743408937363604,0.0952019414212183,0.297082494925309,0.3380682763060389,1.0,0.0,True,True,16,base_form_suffix_extended
french_profiterole_ud218,French,base_form_suffix_extended_K16,40814041440,slot_grammar,finite_template_slot_grammar,16,387,10000,8731827218036530435,3.3948367515205766,2.9549292555074627,0.43990749601311396,0.1295813401973086,0.4200273282388889,0.4600248095081396,1.0,0.0,True,True,16,base_form_suffix_extended
french_profiterole_ud218,French,base_form_suffix_extended_K16,40814041440,token_markov,exact_token_markov,1,387,10000,8193913100320108979,2.9544353290249776,2.9549292555074627,-0.0004939264824850298,-0.0001671813485415452,-0.02120941647281599,0.018733483970953042,0.4804,0.5196,False,False,16,base_form_suffix_extended
french_profiterole_ud218,French,base_form_suffix_extended_K16,40814041440,copy_edit,local_copy_edit,16,387,10000,1691419296701280491,4.442765847810771,2.9549292555074627,1.4878365923033088,0.33488971583691696,1.4599667468554787,1.5149087701836765,1.0,0.0,True,True,16,base_form_suffix_extended
french_profiterole_ud218,French,base_form_suffix_extended_K16,40814041441,hmm_space_free,categorical_hmm,16,387,10000,7614245302669800166,3.8946055235090937,3.5854023737492433,0.3092031497598504,0.07939267478911549,0.28515473279159326,0.3332226160237597,1.0,0.0,True,True,16,base_form_suffix_extended
french_profiterole_ud218,French,base_form_suffix_extended_K16,40814041441,hmm_token_aware,categorical_hmm,16,387,10000,1188460513169348819,3.335624536463446,3.01987564063764,0.3157488958258057,0.09465960343383695,0.29430146244899363,0.3368479696318558,1.0,0.0,True,True,16,base_form_suffix_extended
french_profiterole_ud218,French,base_form_suffix_extended_K16,40814041441,slot_grammar,finite_template_slot_grammar,16,387,10000,3746764259663462111,3.400712683587017,2.957234240254161,0.443478443332856,0.1304075011903334,0.4227843512426998,0.4642718176128111,1.0,0.0,True,True,16,base_form_suffix_extended
french_profiterole_ud218,French,base_form_suffix_extended_K16,40814041441,token_markov,exact_token_markov,1,387,10000,5727195812549761139,2.966225527548843,2.957234240254161,0.008991287294681793,0.0030312217365722205,-0.010288505879499777,0.027511743961907222,0.8263,0.1737,True,False,16,base_form_suffix_extended
french_profiterole_ud218,French,base_form_suffix_extended_K16,40814041441,copy_edit,local_copy_edit,16,387,10000,6057174718045653581,4.441638319508018,2.957234240254161,1.4844040792538564,0.33420192561250184,1.4576862093143481,1.5111738565333344,1.0,0.0,True,True,16,base_form_suffix_extended
french_profiterole_ud218,French,base_form_suffix_extended_K16,40814041442,hmm_space_free,categorical_hmm,16,387,10000,2461278220509816875,3.9092867604530968,3.5811934966927197,0.32809326376037706,0.08392663006444434,0.30212777586604705,0.3533454631546701,1.0,0.0,True,True,16,base_form_suffix_extended
french_profiterole_ud218,French,base_form_suffix_extended_K16,40814041442,hmm_token_aware,categorical_hmm,16,387,10000,3402585482947812374,3.3454219842751742,3.016630342162009,0.32879164211316514,0.09828106698007544,0.3077648209560233,0.35011763262147244,1.0,0.0,True,True,16,base_form_suffix_extended
french_profiterole_ud218,French,base_form_suffix_extended_K16,40814041442,slot_grammar,finite_template_slot_grammar,16,387,10000,3009486765015398886,3.398123679149985,2.957150247828126,0.4409734313218592,0.12976968261266042,0.42030580751827307,0.46204750589222626,1.0,0.0,True,True,16,base_form_suffix_extended
french_profiterole_ud218,French,base_form_suffix_extended_K16,40814041442,token_markov,exact_token_markov,1,387,10000,7891010878101533802,2.9630604048298697,2.957150247828126,0.005910157001743688,0.00199461239200871,-0.012697855193283168,0.02379972167118318,0.737,0.263,True,False,16,base_form_suffix_extended
french_profiterole_ud218,French,base_form_suffix_extended_K16,40814041442,copy_edit,local_copy_edit,16,387,10000,7660094630840068373,4.441253153735042,2.957150247828126,1.4841029059069162,0.3341630964356993,1.4563749038184535,1.510979500462753,1.0,0.0,True,True,16,base_form_suffix_extended
german_rem_v21,German,base_form_suffix_extended_K4,40814041438,hmm_space_free,categorical_hmm,16,657,10000,4202285252218264689,3.5276087552000095,3.1514274793255344,0.37618127587447514,0.10663917173919879,0.34957029337941803,0.4029901929017907,1.0,0.0,True,True,4,base_form_suffix_extended
german_rem_v21,German,base_form_suffix_extended_K4,40814041438,hmm_token_aware,categorical_hmm,16,657,10000,5829432791414802102,3.0513230051985176,2.692250102485681,0.35907290271283676,0.11767777521458289,0.33630909628324174,0.38180107209824027,1.0,0.0,True,True,4,base_form_suffix_extended
german_rem_v21,German,base_form_suffix_extended_K4,40814041438,slot_grammar,finite_template_slot_grammar,16,657,10000,4616773310186592558,3.0481544589365273,2.6019138693863373,0.44624058955018997,0.14639697415657837,0.4254240178155604,0.46632443790617734,1.0,0.0,True,True,4,base_form_suffix_extended
german_rem_v21,German,base_form_suffix_extended_K4,40814041438,token_markov,exact_token_markov,1,657,10000,5749407179111268088,2.5826779482802404,2.6019138693863373,-0.019235921106096843,-0.0074480525606785974,-0.03744455259170933,-0.0011140124289668314,0.0179,0.9821,False,False,4,base_form_suffix_extended
german_rem_v21,German,base_form_suffix_extended_K4,40814041438,copy_edit,local_copy_edit,16,657,10000,5087218249407665425,4.0952627210846995,2.6019138693863373,1.4933488516983622,0.36465275939679487,1.46498507626711,1.5219431027996286,1.0,0.0,True,True,4,base_form_suffix_extended
german_rem_v21,German,base_form_suffix_extended_K4,40814041439,hmm_space_free,categorical_hmm,16,657,10000,8705016919915359251,3.5613981901939487,3.145574081119172,0.4158241090747765,0.1167586680477678,0.3896410041256397,0.44209347047537834,1.0,0.0,True,True,4,base_form_suffix_extended
german_rem_v21,German,base_form_suffix_extended_K4,40814041439,hmm_token_aware,categorical_hmm,16,657,10000,4438212634468960238,3.0432497249353587,2.6875219412343947,0.35572778370096403,0.11689076344483029,0.33383121037419505,0.3775908186582351,1.0,0.0,True,True,4,base_form_suffix_extended
german_rem_v21,German,base_form_suffix_extended_K4,40814041439,slot_grammar,finite_template_slot_grammar,16,657,10000,6093314025352374558,3.0530295656583015,2.5980365922829467,0.4549929733753548,0.1490299925337435,0.43495907595213185,0.47478443396879244,1.0,0.0,True,True,4,base_form_suffix_extended
german_rem_v21,German,base_form_suffix_extended_K4,40814041439,token_markov,exact_token_markov,1,657,10000,1205606855759833883,2.5720161924626472,2.5980365922829467,-0.026020399820299467,-0.010116732506020965,-0.044243842234323115,-0.00805145970196921,0.003,0.997,False,False,4,base_form_suffix_extended
german_rem_v21,German,base_form_suffix_extended_K4,40814041439,copy_edit,local_copy_edit,16,657,10000,6675548426782969625,4.097206255122058,2.5980365922829467,1.499169662839111,0.3659004622881623,1.470935643781816,1.5278312033995056,1.0,0.0,True,True,4,base_form_suffix_extended
german_rem_v21,German,base_form_suffix_extended_K4,40814041440,hmm_space_free,categorical_hmm,16,657,10000,8083243033536937943,3.529103767702267,3.1495468191779756,0.37955694852429156,0.10755052089936534,0.35395530488531546,0.40484622069006976,1.0,0.0,True,True,4,base_form_suffix_extended
german_rem_v21,German,base_form_suffix_extended_K4,40814041440,hmm_token_aware,categorical_hmm,16,657,10000,5880501631155772860,3.0880590486443524,2.6916428209049035,0.39641622773944896,0.1283706760443828,0.37328665689657636,0.4188683027660768,1.0,0.0,True,True,4,base_form_suffix_extended
german_rem_v21,German,base_form_suffix_extended_K4,40814041440,slot_grammar,finite_template_slot_grammar,16,657,10000,2357002760719297114,3.0517546579429733,2.6017024587882602,0.45005219915471306,0.1474732570599464,0.42885852920832335,0.47052106905238744,1.0,0.0,True,True,4,base_form_suffix_extended
german_rem_v21,German,base_form_suffix_extended_K4,40814041440,token_markov,exact_token_markov,1,657,10000,2318629996494853610,2.583682331141794,2.6017024587882602,-0.01802012764646621,-0.006974591043668488,-0.03711676758768959,0.00013332522282615393,0.0261,0.9739,False,False,4,base_form_suffix_extended
german_rem_v21,German,base_form_suffix_extended_K4,40814041440,copy_edit,local_copy_edit,16,657,10000,2720339648594999778,4.096306517519687,2.6017024587882602,1.4946040587314267,0.3648662648508074,1.4667175611951373,1.5221491873197548,1.0,0.0,True,True,4,base_form_suffix_extended
german_rem_v21,German,base_form_suffix_extended_K4,40814041441,hmm_space_free,categorical_hmm,16,657,10000,5816114164789730782,3.5315059848143435,3.144555007446242,0.3869509773681017,0.10957109489039818,0.3607798103115425,0.4131448764299316,1.0,0.0,True,True,4,base_form_suffix_extended
german_rem_v21,German,base_form_suffix_extended_K4,40814041441,hmm_token_aware,categorical_hmm,16,657,10000,455529553613534649,3.0691972809585204,2.6919358680892094,0.37726141286931103,0.12291859347389078,0.354335317135341,0.39897329422219896,1.0,0.0,True,True,4,base_form_suffix_extended
german_rem_v21,German,base_form_suffix_extended_K4,40814041441,slot_grammar,finite_template_slot_grammar,16,657,10000,5328338726154649906,3.053734325654386,2.6016914268627502,0.45204289879163584,0.14802954369475718,0.4316423486350317,0.4720941175722244,1.0,0.0,True,True,4,base_form_suffix_extended
german_rem_v21,German,base_form_suffix_extended_K4,40814041441,token_markov,exact_token_markov,1,657,10000,340226069736560137,2.5858716193423175,2.6016914268627502,-0.01581980752043277,-0.006117785354114558,-0.0337612962511185,0.0019913256885981316,0.0421,0.9579,False,False,4,base_form_suffix_extended
german_rem_v21,German,base_form_suffix_extended_K4,40814041441,copy_edit,local_copy_edit,16,657,10000,5158335490320456533,4.097286395866516,2.6016914268627502,1.4955949690037658,0.3650208514866262,1.4670929727452708,1.5240296052076467,1.0,0.0,True,True,4,base_form_suffix_extended
german_rem_v21,German,base_form_suffix_extended_K4,40814041442,hmm_space_free,categorical_hmm,16,657,10000,9155119448344447302,3.524104865366604,3.1440590277804596,0.3800458375861444,0.10784180724049175,0.3540420406492309,0.40632630925696656,1.0,0.0,True,True,4,base_form_suffix_extended
german_rem_v21,German,base_form_suffix_extended_K4,40814041442,hmm_token_aware,categorical_hmm,16,657,10000,4200134824555929618,3.056620487558669,2.690729376681592,0.36589111087707726,0.1197044619593306,0.34339375761027147,0.3875877402737932,1.0,0.0,True,True,4,base_form_suffix_extended
german_rem_v21,German,base_form_suffix_extended_K4,40814041442,slot_grammar,finite_template_slot_grammar,16,657,10000,7898762789092665005,3.051524813342993,2.5997392996436464,0.4517855136993467,0.14805238080447025,0.43170036541661105,0.471874204494535,1.0,0.0,True,True,4,base_form_suffix_extended
german_rem_v21,German,base_form_suffix_extended_K4,40814041442,token_markov,exact_token_markov,1,657,10000,6811970125847418690,2.573051230837833,2.5997392996436464,-0.026688068805813536,-0.010372148244060853,-0.045138820461178876,-0.00840464534507706,0.0019,0.9981,False,False,4,base_form_suffix_extended
german_rem_v21,German,base_form_suffix_extended_K4,40814041442,copy_edit,local_copy_edit,16,657,10000,5861841281864209354,4.091714547271524,2.5997392996436464,1.4919752476278774,0.36463326813029284,1.464595349723299,1.5195990441228713,1.0,0.0,True,True,4,base_form_suffix_extended
german_rem_v21,German,base_form_suffix_extended_K8,40814041438,hmm_space_free,categorical_hmm,16,657,10000,1068493315645432197,3.7731263630926475,3.3959618645508294,0.3771644985418181,0.09996073872084021,0.349865383678339,0.4045437776485226,1.0,0.0,True,True,8,base_form_suffix_extended
german_rem_v21,German,base_form_suffix_extended_K8,40814041438,hmm_token_aware,categorical_hmm,16,657,10000,1215942299783340006,3.2849223337536992,2.886135457373974,0.3987868763797251,0.12139917960374702,0.37426782061714514,0.422775412453293,1.0,0.0,True,True,8,base_form_suffix_extended
german_rem_v21,German,base_form_suffix_extended_K8,40814041438,slot_grammar,finite_template_slot_grammar,16,657,10000,2432641456578581151,3.2312510181802776,2.7862879652809096,0.444963052899368,0.13770612384981318,0.42451952939700016,0.46552090447180955,1.0,0.0,True,True,8,base_form_suffix_extended
german_rem_v21,German,base_form_suffix_extended_K8,40814041438,token_markov,exact_token_markov,1,657,10000,2466478863378346919,2.8369298920073143,2.7862879652809096,0.05064192672640466,0.017850961657206343,0.035638633834477296,0.06569359777618947,1.0,0.0,True,True,8,base_form_suffix_extended
german_rem_v21,German,base_form_suffix_extended_K8,40814041438,copy_edit,local_copy_edit,16,657,10000,2722230052609772015,4.2799394010142855,2.7862879652809096,1.4936514357333759,0.3489889215205715,1.4647355444646764,1.5222812738344302,1.0,0.0,True,True,8,base_form_suffix_extended
german_rem_v21,German,base_form_suffix_extended_K8,40814041439,hmm_space_free,categorical_hmm,16,657,10000,1718197963790864885,3.749784128413464,3.390244813847338,0.35953931456612587,0.09588267010939822,0.3334963811694959,0.38619351284815234,1.0,0.0,True,True,8,base_form_suffix_extended
german_rem_v21,German,base_form_suffix_extended_K8,40814041439,hmm_token_aware,categorical_hmm,16,657,10000,1432911523764133444,3.2537424050493664,2.8807155893276866,0.37302681572167984,0.11464546644589713,0.3508531749534997,0.3945492619561756,1.0,0.0,True,True,8,base_form_suffix_extended
german_rem_v21,German,base_form_suffix_extended_K8,40814041439,slot_grammar,finite_template_slot_grammar,16,657,10000,2791210181894353691,3.226192511971938,2.782455580170279,0.44373693180165885,0.13754198801063944,0.42369105115714883,0.4637003847052904,1.0,0.0,True,True,8,base_form_suffix_extended
german_rem_v21,German,base_form_suffix_extended_K8,40814041439,token_markov,exact_token_markov,1,657,10000,8029155410249481729,2.822167145749856,2.782455580170279,0.039711565579577,0.014071301779337353,0.02424457350141097,0.055061027607708965,1.0,0.0,True,True,8,base_form_suffix_extended
german_rem_v21,German,base_form_suffix_extended_K8,40814041439,copy_edit,local_copy_edit,16,657,10000,213629291738546112,4.28186810906112,2.782455580170279,1.4994125288908413,0.3501771868493203,1.4710567753952062,1.527176217681221,1.0,0.0,True,True,8,base_form_suffix_extended
german_rem_v21,German,base_form_suffix_extended_K8,40814041440,hmm_space_free,categorical_hmm,16,657,10000,7543919991749358861,3.7335640706184723,3.39426491404454,0.3392991565739325,0.09087808596725833,0.312983122911422,0.36504770876188547,1.0,0.0,True,True,8,base_form_suffix_extended
german_rem_v21,German,base_form_suffix_extended_K8,40814041440,hmm_token_aware,categorical_hmm,16,657,10000,7200818112599037446,3.272394439002426,2.8840219848527364,0.3883724541496898,0.11868143079600246,0.365553090338818,0.41037043136749246,1.0,0.0,True,True,8,base_form_suffix_extended
german_rem_v21,German,base_form_suffix_extended_K8,40814041440,slot_grammar,finite_template_slot_grammar,16,657,10000,8874687108249802667,3.2402272945069654,2.784418818718802,0.4558084757881633,0.1406717598363788,0.4357153210851409,0.4766398688196288,1.0,0.0,True,True,8,base_form_suffix_extended
german_rem_v21,German,base_form_suffix_extended_K8,40814041440,token_markov,exact_token_markov,1,657,10000,7894982508270576113,2.8286739473975326,2.784418818718802,0.04425512867873049,0.01564518551862326,0.029091297282152585,0.05886110459007273,1.0,0.0,True,True,8,base_form_suffix_extended
german_rem_v21,German,base_form_suffix_extended_K8,40814041440,copy_edit,local_copy_edit,16,657,10000,2638886014147805049,4.279785361922017,2.784418818718802,1.495366543203215,0.3494022285574756,1.4680625061037464,1.5229192891133934,1.0,0.0,True,True,8,base_form_suffix_extended
german_rem_v21,German,base_form_suffix_extended_K8,40814041441,hmm_space_free,categorical_hmm,16,657,10000,1000426494511587239,3.759638614449941,3.381652148584814,0.37798646586512685,0.10053797841429735,0.35198575978490865,0.40450082404128646,1.0,0.0,True,True,8,base_form_suffix_extended
german_rem_v21,German,base_form_suffix_extended_K8,40814041441,hmm_token_aware,categorical_hmm,16,657,10000,654150579328026429,3.272174806990443,2.884577615433492,0.38759719155695116,0.11845247103819634,0.3646463251200156,0.4104466917155838,1.0,0.0,True,True,8,base_form_suffix_extended
german_rem_v21,German,base_form_suffix_extended_K8,40814041441,slot_grammar,finite_template_slot_grammar,16,657,10000,509034476308944113,3.244409901250741,2.785277708265871,0.45913219298486974,0.14151485384379792,0.4376532141914757,0.4800833581220687,1.0,0.0,True,True,8,base_form_suffix_extended
german_rem_v21,German,base_form_suffix_extended_K8,40814041441,token_markov,exact_token_markov,1,657,10000,186541365953048962,2.8304438191446923,2.785277708265871,0.045166110878821275,0.015957253973148844,0.030060381679221527,0.06024971113960566,1.0,0.0,True,True,8,base_form_suffix_extended
german_rem_v21,German,base_form_suffix_extended_K8,40814041441,copy_edit,local_copy_edit,16,657,10000,8554972563756053448,4.280491262740933,2.785277708265871,1.4952135544750615,0.34930886729987853,1.4671040566410527,1.5231951523806637,1.0,0.0,True,True,8,base_form_suffix_extended
german_rem_v21,German,base_form_suffix_extended_K8,40814041442,hmm_space_free,categorical_hmm,16,657,10000,1430942484619024551,3.7577704741956444,3.386619085600637,0.3711513885950075,0.09876904168141165,0.3440196474173634,0.3981101700381924,1.0,0.0,True,True,8,base_form_suffix_extended
german_rem_v21,German,base_form_suffix_extended_K8,40814041442,hmm_token_aware,categorical_hmm,16,657,10000,246538206719043487,3.2418525080176415,2.8819895392256285,0.35986296879201296,0.11100534891763625,0.33725914983479677,0.38179709055269556,1.0,0.0,True,True,8,base_form_suffix_extended
german_rem_v21,German,base_form_suffix_extended_K8,40814041442,slot_grammar,finite_template_slot_grammar,16,657,10000,3195305373682826171,3.2285690952129236,2.78189041318086,0.4466786820320636,0.13835190415914123,0.42603960766464144,0.4666621113352971,1.0,0.0,True,True,8,base_form_suffix_extended
german_rem_v21,German,base_form_suffix_extended_K8,40814041442,token_markov,exact_token_markov,1,657,10000,2630525663670040727,2.825768975091975,2.78189041318086,0.04387856191111528,0.015528007525699161,0.029133326059834118,0.05855493379221104,1.0,0.0,True,True,8,base_form_suffix_extended
german_rem_v21,German,base_form_suffix_extended_K8,40814041442,copy_edit,local_copy_edit,16,657,10000,1218356877547740951,4.278025801465591,2.78189041318086,1.4961353882847312,0.349725657982749,1.4683640441096133,1.5238710195433047,1.0,0.0,True,True,8,base_form_suffix_extended
german_rem_v21,German,base_form_suffix_extended_K16,40814041438,hmm_space_free,categorical_hmm,16,657,10000,1962022636023591596,3.9588273921222137,3.6543302985563453,0.3044970935658684,0.07691598127561616,0.2769424553722159,0.3321134576659137,1.0,0.0,True,True,16,base_form_suffix_extended
german_rem_v21,German,base_form_suffix_extended_K16,40814041438,hmm_token_aware,categorical_hmm,16,657,10000,8513253525831196059,3.414177400487117,3.085138353111952,0.329039047375165,0.09637432645656296,0.3069861902962481,0.35102516496444697,1.0,0.0,True,True,16,base_form_suffix_extended
german_rem_v21,German,base_form_suffix_extended_K16,40814041438,slot_grammar,finite_template_slot_grammar,16,657,10000,7749062338274253487,3.4085080590606474,2.974723691963961,0.43378436709668655,0.12726517279123983,0.4126478097882445,0.4541558481593421,1.0,0.0,True,True,16,base_form_suffix_extended
german_rem_v21,German,base_form_suffix_extended_K16,40814041438,token_markov,exact_token_markov,1,657,10000,2487714728769093204,3.0642815421059506,2.974723691963961,0.0895578501419898,0.02922637783486448,0.07693118522220901,0.10238029697396729,1.0,0.0,True,True,16,base_form_suffix_extended
german_rem_v21,German,base_form_suffix_extended_K16,40814041438,copy_edit,local_copy_edit,16,657,10000,288678894670283292,4.4639567489642396,2.974723691963961,1.4892330570002787,0.33361278810459394,1.459770529868942,1.51804094125719,1.0,0.0,True,True,16,base_form_suffix_extended
german_rem_v21,German,base_form_suffix_extended_K16,40814041439,hmm_space_free,categorical_hmm,16,657,10000,7792274820364817822,3.9695423638735,3.650670981017878,0.318871382855622,0.0803295074408692,0.29183271351713863,0.3454486027520394,1.0,0.0,True,True,16,base_form_suffix_extended
german_rem_v21,German,base_form_suffix_extended_K16,40814041439,hmm_token_aware,categorical_hmm,16,657,10000,1751141137928684987,3.445909479213045,3.083405457240859,0.36250402197218623,0.10519835885386408,0.33951488398581775,0.3862756006541458,1.0,0.0,True,True,16,base_form_suffix_extended
german_rem_v21,German,base_form_suffix_extended_K16,40814041439,slot_grammar,finite_template_slot_grammar,16,657,10000,6282115862287257245,3.419708848296137,2.9740896689692433,0.44561917932689354,0.13030909913541977,0.4246163483978938,0.4662096415917198,1.0,0.0,True,True,16,base_form_suffix_extended
german_rem_v21,German,base_form_suffix_extended_K16,40814041439,token_markov,exact_token_markov,1,657,10000,3138536486591625860,3.062398520738559,2.9740896689692433,0.08830885176931558,0.02883649896356988,0.07578057010059566,0.100641651973352,1.0,0.0,True,True,16,base_form_suffix_extended
german_rem_v21,German,base_form_suffix_extended_K16,40814041439,copy_edit,local_copy_edit,16,657,10000,9176422031272690732,4.462698905079084,2.9740896689692433,1.4886092361098409,0.3335670337103911,1.4607588223726464,1.516352596233711,1.0,0.0,True,True,16,base_form_suffix_extended
german_rem_v21,German,base_form_suffix_extended_K16,40814041440,hmm_space_free,categorical_hmm,16,657,10000,128056041681667138,3.9619947062742917,3.655530553726517,0.3064641525477749,0.077350974765931,0.2790348952185448,0.3332641379997261,1.0,0.0,True,True,16,base_form_suffix_extended
german_rem_v21,German,base_form_suffix_extended_K16,40814041440,hmm_token_aware,categorical_hmm,16,657,10000,5656246827086214713,3.4245792147294716,3.0864871223134287,0.3380920924160429,0.0987251487604297,0.31604138931233056,0.3599727588526553,1.0,0.0,True,True,16,base_form_suffix_extended
german_rem_v21,German,base_form_suffix_extended_K16,40814041440,slot_grammar,finite_template_slot_grammar,16,657,10000,3428597979895207570,3.4135924704878233,2.976438031606543,0.43715443888128025,0.1280628670998939,0.4162213924501212,0.4578890941164789,1.0,0.0,True,True,16,base_form_suffix_extended
german_rem_v21,German,base_form_suffix_extended_K16,40814041440,token_markov,exact_token_markov,1,657,10000,1402144340703161178,3.06428588407448,2.976438031606543,0.08784785246793714,0.028668295254204224,0.07535782638526696,0.10028382399880185,1.0,0.0,True,True,16,base_form_suffix_extended
german_rem_v21,German,base_form_suffix_extended_K16,40814041440,copy_edit,local_copy_edit,16,657,10000,4280116138353009789,4.46276699016414,2.976438031606543,1.4863289585575972,0.3330509887326495,1.4585476616974922,1.5139069468321251,1.0,0.0,True,True,16,base_form_suffix_extended
german_rem_v21,German,base_form_suffix_extended_K16,40814041441,hmm_space_free,categorical_hmm,16,657,10000,573295205571367047,3.9818949054250283,3.6427624284207414,0.33913247700428695,0.08516861571164147,0.3124219913266358,0.365581821910001,1.0,0.0,True,True,16,base_form_suffix_extended
german_rem_v21,German,base_form_suffix_extended_K16,40814041441,hmm_token_aware,categorical_hmm,16,657,10000,1526394444793391109,3.4478882908608797,3.0856783659907756,0.36220992487010406,0.10505268567725734,0.339049067187837,0.3847789236466434,1.0,0.0,True,True,16,base_form_suffix_extended
german_rem_v21,German,base_form_suffix_extended_K16,40814041441,slot_grammar,finite_template_slot_grammar,16,657,10000,7467453246511072746,3.425152579906404,2.976290670374224,0.4488619095321802,0.13104873405214723,0.427430980129229,0.47000599048354647,1.0,0.0,True,True,16,base_form_suffix_extended
german_rem_v21,German,base_form_suffix_extended_K16,40814041441,token_markov,exact_token_markov,1,657,10000,3432531331182125587,3.0689125683887863,2.976290670374224,0.09262189801456255,0.03018068972332766,0.0797115215990556,0.10494174828137838,1.0,0.0,True,True,16,base_form_suffix_extended
german_rem_v21,German,base_form_suffix_extended_K16,40814041441,copy_edit,local_copy_edit,16,657,10000,2263040788613023989,4.462150128619984,2.976290670374224,1.4858594582457605,0.33299181233628605,1.4575542295019979,1.5139887151811298,1.0,0.0,True,True,16,base_form_suffix_extended
german_rem_v21,German,base_form_suffix_extended_K16,40814041442,hmm_space_free,categorical_hmm,16,657,10000,3493801545038088969,3.9490801780403104,3.643779640124861,0.3053005379154494,0.07730927814865285,0.2776476627313855,0.33304759806932693,1.0,0.0,True,True,16,base_form_suffix_extended
german_rem_v21,German,base_form_suffix_extended_K16,40814041442,hmm_token_aware,categorical_hmm,16,657,10000,1422262601602231820,3.4447158386466072,3.079595517966684,0.36512032067992317,0.10599432225543892,0.3425168983487799,0.38812750285621517,1.0,0.0,True,True,16,base_form_suffix_extended
german_rem_v21,German,base_form_suffix_extended_K16,40814041442,slot_grammar,finite_template_slot_grammar,16,657,10000,6307531074975640508,3.419879734074999,2.9687446066828653,0.4511351273921336,0.13191549483366716,0.4314193960679881,0.4705362808865827,1.0,0.0,True,True,16,base_form_suffix_extended
german_rem_v21,German,base_form_suffix_extended_K16,40814041442,token_markov,exact_token_markov,1,657,10000,1730395304082183033,3.059664059902193,2.9687446066828653,0.09091945321932782,0.029715501911093622,0.07850295030211446,0.10298976154940333,1.0,0.0,True,True,16,base_form_suffix_extended
german_rem_v21,German,base_form_suffix_extended_K16,40814041442,copy_edit,local_copy_edit,16,657,10000,8977491237962039256,4.461830565707302,2.9687446066828653,1.493085959024437,0.3346352885965648,1.4646595920569714,1.520864436577112,1.0,0.0,True,True,16,base_form_suffix_extended
italian_old_ud218,Italian,base_form_suffix_extended_K4,40814041438,hmm_space_free,categorical_hmm,16,109,10000,7980291482131931671,3.5447033263651777,3.1018368184798786,0.44286650788529913,0.12493753838051802,0.42078475873872795,0.4645028020116867,1.0,0.0,True,True,4,base_form_suffix_extended
italian_old_ud218,Italian,base_form_suffix_extended_K4,40814041438,hmm_token_aware,categorical_hmm,16,109,10000,1882557398754021338,2.9727424301238483,2.5990564956495303,0.37368593447431797,0.12570410765750384,0.3550947699152402,0.3918612829577592,1.0,0.0,True,True,4,base_form_suffix_extended
italian_old_ud218,Italian,base_form_suffix_extended_K4,40814041438,slot_grammar,finite_template_slot_grammar,16,109,10000,3740424666328948735,3.0850420379945716,2.5851696342969452,0.4998724036976263,0.16203098613935507,0.4798588065454586,0.5201663891832443,1.0,0.0,True,True,4,base_form_suffix_extended
italian_old_ud218,Italian,base_form_suffix_extended_K4,40814041438,token_markov,exact_token_markov,1,109,10000,5144805380577963973,2.520311828949456,2.5851696342969452,-0.06485780534748908,-0.025734039971761824,-0.08632223684384374,-0.04350590489373682,0.0,1.0,False,False,4,base_form_suffix_extended
italian_old_ud218,Italian,base_form_suffix_extended_K4,40814041438,copy_edit,local_copy_edit,16,109,10000,4698348335051574183,4.008312541799589,2.5851696342969452,1.423142907502644,0.3550478892705565,1.3950198513522991,1.451001185762392,1.0,0.0,True,True,4,base_form_suffix_extended
italian_old_ud218,Italian,base_form_suffix_extended_K4,40814041439,hmm_space_free,categorical_hmm,16,109,10000,5731449293641794833,3.5417079179860953,3.106487591584181,0.4352203264019141,0.12288430793282124,0.41301217884335667,0.45692422405845995,1.0,0.0,True,True,4,base_form_suffix_extended
italian_old_ud218,Italian,base_form_suffix_extended_K4,40814041439,hmm_token_aware,categorical_hmm,16,109,10000,6000012755794079973,2.9634172753117958,2.6000311363589246,0.3633861389528712,0.1226240199043982,0.34315068009655214,0.3831992114311862,1.0,0.0,True,True,4,base_form_suffix_extended
italian_old_ud218,Italian,base_form_suffix_extended_K4,40814041439,slot_grammar,finite_template_slot_grammar,16,109,10000,2940089738566418215,3.086627582000409,2.5860088311842326,0.5006187508161766,0.1621895539764896,0.4801557524806544,0.5209941457842189,1.0,0.0,True,True,4,base_form_suffix_extended
italian_old_ud218,Italian,base_form_suffix_extended_K4,40814041439,token_markov,exact_token_markov,1,109,10000,8139729740482554665,2.5143871350993394,2.5860088311842326,-0.07162169608489322,-0.02848475283901064,-0.09336594350840759,-0.04993031219318883,0.0,1.0,False,False,4,base_form_suffix_extended
italian_old_ud218,Italian,base_form_suffix_extended_K4,40814041439,copy_edit,local_copy_edit,16,109,10000,7367972327009988538,4.0028475339824965,2.5860088311842326,1.4168387027982638,0.35395769905545926,1.388574954596302,1.4455794186177526,1.0,0.0,True,True,4,base_form_suffix_extended
italian_old_ud218,Italian,base_form_suffix_extended_K4,40814041440,hmm_space_free,categorical_hmm,16,109,10000,523927634867548446,3.539093245606433,3.1010788295352456,0.4380144160711872,0.12376458761434306,0.4148319635745184,0.46019927742668554,1.0,0.0,True,True,4,base_form_suffix_extended
italian_old_ud218,Italian,base_form_suffix_extended_K4,40814041440,hmm_token_aware,categorical_hmm,16,109,10000,6555400875896948943,2.9655203432314745,2.5982773118809446,0.36724303135052994,0.12383763685476934,0.34859455753768104,0.3855225524599283,1.0,0.0,True,True,4,base_form_suffix_extended
italian_old_ud218,Italian,base_form_suffix_extended_K4,40814041440,slot_grammar,finite_template_slot_grammar,16,109,10000,8172218872561145216,3.084710536400962,2.5841811267101553,0.5005294096908068,0.1622613868576439,0.48034351156063254,0.5222396557753929,1.0,0.0,True,True,4,base_form_suffix_extended
italian_old_ud218,Italian,base_form_suffix_extended_K4,40814041440,token_markov,exact_token_markov,1,109,10000,3934158520175692680,2.5013153816299005,2.5841811267101553,-0.0828657450802548,-0.033128867190773015,-0.10444186396858456,-0.06224627684394071,0.0,1.0,False,False,4,base_form_suffix_extended
italian_old_ud218,Italian,base_form_suffix_extended_K4,40814041440,copy_edit,local_copy_edit,16,109,10000,8794097496430488951,4.001750159108768,2.5841811267101553,1.417569032398613,0.3542372652055621,1.3895588343543073,1.445206729863001,1.0,0.0,True,True,4,base_form_suffix_extended
italian_old_ud218,Italian,base_form_suffix_extended_K4,40814041441,hmm_space_free,categorical_hmm,16,109,10000,630078776320969041,3.5005499633285866,3.1007354781239584,0.39981448520462814,0.11421476322093527,0.37851765499757295,0.420580848266392,1.0,0.0,True,True,4,base_form_suffix_extended
italian_old_ud218,Italian,base_form_suffix_extended_K4,40814041441,hmm_token_aware,categorical_hmm,16,109,10000,1665549508081245573,2.9677044526885026,2.600435440735584,0.3672690119529185,0.12375525184800729,0.34752452283211427,0.3867572479715646,1.0,0.0,True,True,4,base_form_suffix_extended
italian_old_ud218,Italian,base_form_suffix_extended_K4,40814041441,slot_grammar,finite_template_slot_grammar,16,109,10000,6520343405809760073,3.0781648031571622,2.58686542860545,0.491299374551712,0.159607885207382,0.47286616120881175,0.5102221960486124,1.0,0.0,True,True,4,base_form_suffix_extended
italian_old_ud218,Italian,base_form_suffix_extended_K4,40814041441,token_markov,exact_token_markov,1,109,10000,3354893320556093283,2.5214969477992,2.58686542860545,-0.06536848080625024,-0.02592447350107041,-0.08578054132280509,-0.046078482846653515,0.0,1.0,False,False,4,base_form_suffix_extended
italian_old_ud218,Italian,base_form_suffix_extended_K4,40814041441,copy_edit,local_copy_edit,16,109,10000,8140098979317625386,4.009825240721163,2.58686542860545,1.422959812115713,0.35486828644427293,1.3955931634300835,1.450903535216679,1.0,0.0,True,True,4,base_form_suffix_extended
italian_old_ud218,Italian,base_form_suffix_extended_K4,40814041442,hmm_space_free,categorical_hmm,16,109,10000,5878502799708803087,3.513340391722119,3.104746392896764,0.4085939988253551,0.1162978684866558,0.3876204849795974,0.4295767911201718,1.0,0.0,True,True,4,base_form_suffix_extended
italian_old_ud218,Italian,base_form_suffix_extended_K4,40814041442,hmm_token_aware,categorical_hmm,16,109,10000,7013975062972377120,2.966523552917634,2.5995873440722206,0.36693620884541334,0.1236923295230622,0.3473333208237427,0.38651013833559533,1.0,0.0,True,True,4,base_form_suffix_extended
italian_old_ud218,Italian,base_form_suffix_extended_K4,40814041442,slot_grammar,finite_template_slot_grammar,16,109,10000,1034001209596764897,3.08066950826215,2.584944274142689,0.4957252341194609,0.1609147728407604,0.4760439380048685,0.5156761059967946,1.0,0.0,True,True,4,base_form_suffix_extended
italian_old_ud218,Italian,base_form_suffix_extended_K4,40814041442,token_markov,exact_token_markov,1,109,10000,9211089853063342232,2.517973672516908,2.584944274142689,-0.06697060162578117,-0.026597022183650898,-0.08449950254588062,-0.0491354511755317,0.0,1.0,False,False,4,base_form_suffix_extended
italian_old_ud218,Italian,base_form_suffix_extended_K4,40814041442,copy_edit,local_copy_edit,16,109,10000,7894468614540287679,4.006924622615202,2.584944274142689,1.4219803484725126,0.35488073333019865,1.3923253456070719,1.4519835628422475,1.0,0.0,True,True,4,base_form_suffix_extended
italian_old_ud218,Italian,base_form_suffix_extended_K8,40814041438,hmm_space_free,categorical_hmm,16,109,10000,6681616938304949470,3.734022704781715,3.3329303726853734,0.40109233209634176,0.1074156114751823,0.3785198695908722,0.4236474926457262,1.0,0.0,True,True,8,base_form_suffix_extended
italian_old_ud218,Italian,base_form_suffix_extended_K8,40814041438,hmm_token_aware,categorical_hmm,16,109,10000,7662873062632634928,3.114597295993694,2.7776903148889747,0.33690698110471917,0.10817031837087976,0.3191241985802143,0.35525039926200036,1.0,0.0,True,True,8,base_form_suffix_extended
italian_old_ud218,Italian,base_form_suffix_extended_K8,40814041438,slot_grammar,finite_template_slot_grammar,16,109,10000,7253620008326772532,3.2596849444383196,2.7616397445516516,0.49804519988666796,0.15278936718606295,0.4790310913246552,0.5174062793719548,1.0,0.0,True,True,8,base_form_suffix_extended
italian_old_ud218,Italian,base_form_suffix_extended_K8,40814041438,token_markov,exact_token_markov,1,109,10000,6629721536163601582,2.786353569892656,2.7616397445516516,0.024713825341004192,0.00886959415633537,0.009767664665130838,0.03918328520960326,0.9991,0.0009,True,True,8,base_form_suffix_extended
italian_old_ud218,Italian,base_form_suffix_extended_K8,40814041438,copy_edit,local_copy_edit,16,109,10000,4590316682787643104,4.200470238063891,2.7616397445516516,1.4388304935122398,0.34254033762073144,1.4111888560990136,1.4663564491691012,1.0,0.0,True,True,8,base_form_suffix_extended
italian_old_ud218,Italian,base_form_suffix_extended_K8,40814041439,hmm_space_free,categorical_hmm,16,109,10000,7826109280835707597,3.708465074926999,3.34175597060678,0.3667091043202193,0.09888433540861596,0.3450263296198427,0.38809703890313996,1.0,0.0,True,True,8,base_form_suffix_extended
italian_old_ud218,Italian,base_form_suffix_extended_K8,40814041439,hmm_token_aware,categorical_hmm,16,109,10000,1400069404461781109,3.1443335392369964,2.782049826935097,0.3622837123018994,0.1152179652002856,0.34453051393840883,0.37942029020785273,1.0,0.0,True,True,8,base_form_suffix_extended
italian_old_ud218,Italian,base_form_suffix_extended_K8,40814041439,slot_grammar,finite_template_slot_grammar,16,109,10000,591309541226708369,3.2609386622744383,2.7647685798931403,0.496170082381298,0.15215560112229443,0.4766700142807618,0.5159883364292628,1.0,0.0,True,True,8,base_form_suffix_extended
italian_old_ud218,Italian,base_form_suffix_extended_K8,40814041439,token_markov,exact_token_markov,1,109,10000,6955912990578137035,2.7717384979870596,2.7647685798931403,0.006969918093919336,0.0025146376900205825,-0.011302433759328689,0.025520843637289625,0.7693,0.2307,True,False,8,base_form_suffix_extended
italian_old_ud218,Italian,base_form_suffix_extended_K8,40814041439,copy_edit,local_copy_edit,16,109,10000,9132751366087259618,4.2029838082253255,2.7647685798931403,1.4382152283321852,0.3421890956414271,1.410032217530687,1.4658620765912986,1.0,0.0,True,True,8,base_form_suffix_extended
italian_old_ud218,Italian,base_form_suffix_extended_K8,40814041440,hmm_space_free,categorical_hmm,16,109,10000,6515761882418024380,3.7606619294320556,3.333291031430311,0.42737089800174477,0.11364246667774447,0.4077520683808607,0.44735122618988743,1.0,0.0,True,True,8,base_form_suffix_extended
italian_old_ud218,Italian,base_form_suffix_extended_K8,40814041440,hmm_token_aware,categorical_hmm,16,109,10000,1510847273213806308,3.14407662495898,2.7773916755713697,0.36668494938761054,0.11662723054416468,0.34796500065469743,0.38512138940552226,1.0,0.0,True,True,8,base_form_suffix_extended
italian_old_ud218,Italian,base_form_suffix_extended_K8,40814041440,slot_grammar,finite_template_slot_grammar,16,109,10000,9126117870230543198,3.2609933765661143,2.7619201521159087,0.49907322445020563,0.1530433112917693,0.47971680467424643,0.5189996480576945,1.0,0.0,True,True,8,base_form_suffix_extended
italian_old_ud218,Italian,base_form_suffix_extended_K8,40814041440,token_markov,exact_token_markov,1,109,10000,5339017396955024632,2.7803286544871044,2.7619201521159087,0.018408502371195734,0.006620980703661239,0.0007584441655927866,0.03555810352025241,0.9793,0.0207,True,True,8,base_form_suffix_extended
italian_old_ud218,Italian,base_form_suffix_extended_K8,40814041440,copy_edit,local_copy_edit,16,109,10000,1181231843212092340,4.201443010363316,2.7619201521159087,1.4395228582474071,0.34262582038996303,1.413795182274513,1.4664723735101295,1.0,0.0,True,True,8,base_form_suffix_extended
italian_old_ud218,Italian,base_form_suffix_extended_K8,40814041441,hmm_space_free,categorical_hmm,16,109,10000,8388468573540986263,3.7167144312380063,3.3326635318926563,0.38405089934534997,0.10333075259091828,0.360695188487247,0.40704431535167424,1.0,0.0,True,True,8,base_form_suffix_extended
italian_old_ud218,Italian,base_form_suffix_extended_K8,40814041441,hmm_token_aware,categorical_hmm,16,109,10000,8401471380820678434,3.113429862608011,2.777788001490226,0.33564186111778493,0.10780453581075045,0.3182317222438186,0.35374608333150165,1.0,0.0,True,True,8,base_form_suffix_extended
italian_old_ud218,Italian,base_form_suffix_extended_K8,40814041441,slot_grammar,finite_template_slot_grammar,16,109,10000,7430065942454407417,3.252737070553604,2.7617089880555707,0.4910280824980333,0.15095843034569723,0.4723644708681035,0.5107847206493031,1.0,0.0,True,True,8,base_form_suffix_extended
italian_old_ud218,Italian,base_form_suffix_extended_K8,40814041441,token_markov,exact_token_markov,1,109,10000,2681221278131453497,2.7809562551215277,2.7617089880555707,0.01924726706595692,0.006921096666123505,0.001732043176173748,0.035785211404730864,0.9841,0.0159,True,True,8,base_form_suffix_extended
italian_old_ud218,Italian,base_form_suffix_extended_K8,40814041441,copy_edit,local_copy_edit,16,109,10000,1263930996456266259,4.206825690878661,2.7617089880555707,1.4451167028230905,0.3435171335851701,1.4184811074862231,1.47140435232379,1.0,0.0,True,True,8,base_form_suffix_extended
italian_old_ud218,Italian,base_form_suffix_extended_K8,40814041442,hmm_space_free,categorical_hmm,16,109,10000,5789578375597897302,3.741024065939368,3.33581367833804,0.4052103876013282,0.10831536511369111,0.3828222021878525,0.426316638702477,1.0,0.0,True,True,8,base_form_suffix_extended
italian_old_ud218,Italian,base_form_suffix_extended_K8,40814041442,hmm_token_aware,categorical_hmm,16,109,10000,7836038538272461601,3.1519934740322406,2.7777608761017096,0.374232597930531,0.11872886191346954,0.35493161239811355,0.39313569073421484,1.0,0.0,True,True,8,base_form_suffix_extended
italian_old_ud218,Italian,base_form_suffix_extended_K8,40814041442,slot_grammar,finite_template_slot_grammar,16,109,10000,971742824330272545,3.2490763933789606,2.760544199114092,0.4885321942648684,0.15036032863382653,0.4685844434997182,0.5091193487111808,1.0,0.0,True,True,8,base_form_suffix_extended
italian_old_ud218,Italian,base_form_suffix_extended_K8,40814041442,token_markov,exact_token_markov,1,109,10000,5117202707678745288,2.7717802982572115,2.760544199114092,0.011236099143119294,0.004053748109178801,-0.004398599339594411,0.02705007254213199,0.9206,0.0794,True,False,8,base_form_suffix_extended
italian_old_ud218,Italian,base_form_suffix_extended_K8,40814041442,copy_edit,local_copy_edit,16,109,10000,8610972129003053819,4.205508098885223,2.760544199114092,1.4449638997711305,0.3435884239895186,1.4166494171507964,1.4736264227162337,1.0,0.0,True,True,8,base_form_suffix_extended
italian_old_ud218,Italian,base_form_suffix_extended_K16,40814041438,hmm_space_free,categorical_hmm,16,109,10000,2868640381629422657,3.9231952320646495,3.5782939773582565,0.344901254706393,0.08791335488162355,0.3223488228756837,0.3669452293613598,1.0,0.0,True,True,16,base_form_suffix_extended
italian_old_ud218,Italian,base_form_suffix_extended_K16,40814041438,hmm_token_aware,categorical_hmm,16,109,10000,5730069536432719271,3.3332783217919237,2.9603727022684123,0.3729056195235114,0.11187353215768747,0.3537249694326729,0.39204417303977807,1.0,0.0,True,True,16,base_form_suffix_extended
italian_old_ud218,Italian,base_form_suffix_extended_K16,40814041438,slot_grammar,finite_template_slot_grammar,16,109,10000,8001494486306196350,3.43802186636768,2.941069579124881,0.4969522872427987,0.1445459937600212,0.47627204455850347,0.5181778243367419,1.0,0.0,True,True,16,base_form_suffix_extended
italian_old_ud218,Italian,base_form_suffix_extended_K16,40814041438,token_markov,exact_token_markov,1,109,10000,4966050325504468154,3.0301158846096063,2.941069579124881,0.08904630548472525,0.029387095700532218,0.07733630220105255,0.10027570114483608,1.0,0.0,True,True,16,base_form_suffix_extended
italian_old_ud218,Italian,base_form_suffix_extended_K16,40814041438,copy_edit,local_copy_edit,16,109,10000,4605945411292720821,4.392807371081618,2.941069579124881,1.4517377919567371,0.33048064012861167,1.4254896785750106,1.4783449740217318,1.0,0.0,True,True,16,base_form_suffix_extended
italian_old_ud218,Italian,base_form_suffix_extended_K16,40814041439,hmm_space_free,categorical_hmm,16,109,10000,942642577738801477,3.926675173468056,3.584839329162834,0.34183584430522185,0.08705478024129787,0.3191673945521065,0.3646264207313192,1.0,0.0,True,True,16,base_form_suffix_extended
italian_old_ud218,Italian,base_form_suffix_extended_K16,40814041439,hmm_token_aware,categorical_hmm,16,109,10000,911841304538745504,3.3436591543781864,2.9660617313959774,0.377597422982209,0.11292940026132237,0.3581095935003568,0.3967841912770175,1.0,0.0,True,True,16,base_form_suffix_extended
italian_old_ud218,Italian,base_form_suffix_extended_K16,40814041439,slot_grammar,finite_template_slot_grammar,16,109,10000,950562202927151388,3.4365155280541066,2.946054866607702,0.49046066144640443,0.14272033908839132,0.469997359189678,0.5112158718743233,1.0,0.0,True,True,16,base_form_suffix_extended
italian_old_ud218,Italian,base_form_suffix_extended_K16,40814041439,token_markov,exact_token_markov,1,109,10000,790208521265005277,3.018947513420973,2.946054866607702,0.0728926468132709,0.024145052701055825,0.0571191187067122,0.0884791029807991,1.0,0.0,True,True,16,base_form_suffix_extended
italian_old_ud218,Italian,base_form_suffix_extended_K16,40814041439,copy_edit,local_copy_edit,16,109,10000,4082642549201046959,4.392900326027737,2.946054866607702,1.446845459420035,0.32935995630211334,1.419516989057217,1.4749435235847155,1.0,0.0,True,True,16,base_form_suffix_extended
italian_old_ud218,Italian,base_form_suffix_extended_K16,40814041440,hmm_space_free,categorical_hmm,16,109,10000,5510789549342999742,3.939721125609545,3.5736520687642854,0.3660690568452596,0.09291750486238348,0.3439953469884606,0.38853369557058465,1.0,0.0,True,True,16,base_form_suffix_extended
italian_old_ud218,Italian,base_form_suffix_extended_K16,40814041440,hmm_token_aware,categorical_hmm,16,109,10000,6587823013523308282,3.309022738566873,2.957096827653469,0.3519259109134043,0.10635342779959933,0.33355449037119156,0.37001258787313773,1.0,0.0,True,True,16,base_form_suffix_extended
italian_old_ud218,Italian,base_form_suffix_extended_K16,40814041440,slot_grammar,finite_template_slot_grammar,16,109,10000,3958772538220064493,3.4369755309258556,2.939121871302199,0.4978536596236567,0.1448522560442973,0.47784053584973857,0.5181335140224257,1.0,0.0,True,True,16,base_form_suffix_extended
italian_old_ud218,Italian,base_form_suffix_extended_K16,40814041440,token_markov,exact_token_markov,1,109,10000,4910024121763520608,3.0118557737442115,2.939121871302199,0.07273390244201261,0.024149198336809174,0.05693535766918244,0.08765089596145348,1.0,0.0,True,True,16,base_form_suffix_extended
italian_old_ud218,Italian,base_form_suffix_extended_K16,40814041440,copy_edit,local_copy_edit,16,109,10000,7347936859234167940,4.39508475581518,2.939121871302199,1.455962884512981,0.3312707184057332,1.430349642516722,1.4814053322455931,1.0,0.0,True,True,16,base_form_suffix_extended
italian_old_ud218,Italian,base_form_suffix_extended_K16,40814041441,hmm_space_free,categorical_hmm,16,109,10000,621405284645807367,3.9348584488862564,3.587128353658165,0.3477300952280915,0.08837169106464693,0.3258211018774657,0.3693191289080577,1.0,0.0,True,True,16,base_form_suffix_extended
italian_old_ud218,Italian,base_form_suffix_extended_K16,40814041441,hmm_token_aware,categorical_hmm,16,109,10000,7297533678435064841,3.3185302457749497,2.9608073943865847,0.357722851388365,0.10779556758411546,0.3398352398574921,0.3753487035022954,1.0,0.0,True,True,16,base_form_suffix_extended
italian_old_ud218,Italian,base_form_suffix_extended_K16,40814041441,slot_grammar,finite_template_slot_grammar,16,109,10000,3594791395636692422,3.441498893165899,2.9415678071957547,0.49993108597014446,0.14526550828271467,0.4791113368435933,0.5213191810671531,1.0,0.0,True,True,16,base_form_suffix_extended
italian_old_ud218,Italian,base_form_suffix_extended_K16,40814041441,token_markov,exact_token_markov,1,109,10000,6288844823301911579,3.017742818740309,2.9415678071957547,0.0761750115445543,0.025242380189426594,0.06316283363394053,0.0882328015378579,1.0,0.0,True,True,16,base_form_suffix_extended
italian_old_ud218,Italian,base_form_suffix_extended_K16,40814041441,copy_edit,local_copy_edit,16,109,10000,2642507774971994575,4.400115180567163,2.9415678071957547,1.4585473733714087,0.3314793621341988,1.4338292888649629,1.4846342058164959,1.0,0.0,True,True,16,base_form_suffix_extended
italian_old_ud218,Italian,base_form_suffix_extended_K16,40814041442,hmm_space_free,categorical_hmm,16,109,10000,2864404553752561128,3.9562505394031313,3.5814132983936933,0.37483724100943805,0.09474557722676191,0.35201551637852674,0.3977084412661775,1.0,0.0,True,True,16,base_form_suffix_extended
italian_old_ud218,Italian,base_form_suffix_extended_K16,40814041442,hmm_token_aware,categorical_hmm,16,109,10000,3166213825640692506,3.3239738140296264,2.9606772704438074,0.3632965435858191,0.10929585006128473,0.3439396327636595,0.38222103063452567,1.0,0.0,True,True,16,base_form_suffix_extended
italian_old_ud218,Italian,base_form_suffix_extended_K16,40814041442,slot_grammar,finite_template_slot_grammar,16,109,10000,7591071256442663970,3.436878302136644,2.941020949463428,0.49585735267321596,0.14427550500259223,0.47576212384956956,0.5164272852289836,1.0,0.0,True,True,16,base_form_suffix_extended
italian_old_ud218,Italian,base_form_suffix_extended_K16,40814041442,token_markov,exact_token_markov,1,109,10000,3477900144767988150,3.0131529266107036,2.941020949463428,0.0721319771472757,0.02393903625343441,0.05773923251239392,0.08646445826045683,1.0,0.0,True,True,16,base_form_suffix_extended
italian_old_ud218,Italian,base_form_suffix_extended_K16,40814041442,copy_edit,local_copy_edit,16,109,10000,6677720596182175896,4.398312576440333,2.941020949463428,1.4572916269769047,0.33132970921232896,1.4299696633589987,1.4856340390384817,1.0,0.0,True,True,16,base_form_suffix_extended
latin_udante_ud218,Latin,base_form_suffix_extended_K4,40814041438,hmm_space_free,categorical_hmm,16,106,10000,3936222148705558723,3.513348193949868,3.0225502615971553,0.4907979323527125,0.13969521529288986,0.4591805818467892,0.5207350478378022,1.0,0.0,True,True,4,base_form_suffix_extended
latin_udante_ud218,Latin,base_form_suffix_extended_K4,40814041438,hmm_token_aware,categorical_hmm,16,106,10000,6111187387239055656,3.075812961241381,2.62874334807082,0.44706961317056093,0.14535006478096313,0.4203933594888215,0.47236790568736897,1.0,0.0,True,True,4,base_form_suffix_extended
latin_udante_ud218,Latin,base_form_suffix_extended_K4,40814041438,slot_grammar,finite_template_slot_grammar,16,106,10000,5027164236361193934,3.250979947250814,2.6179877255603716,0.6329922216904422,0.19470812861387565,0.6093421861421235,0.6564502324746999,1.0,0.0,True,True,4,base_form_suffix_extended
latin_udante_ud218,Latin,base_form_suffix_extended_K4,40814041438,token_markov,exact_token_markov,1,106,10000,2167771822038961638,2.3813974181921274,2.6179877255603716,-0.23659030736824427,-0.09934935914554544,-0.27343504585365735,-0.20155377534709576,0.0,1.0,False,False,4,base_form_suffix_extended
latin_udante_ud218,Latin,base_form_suffix_extended_K4,40814041438,copy_edit,local_copy_edit,16,106,10000,8309857767494644355,3.9320936184717556,2.6179877255603716,1.314105892911384,0.33420005229227556,1.2799862806112412,1.3482923397637057,1.0,0.0,True,True,4,base_form_suffix_extended
latin_udante_ud218,Latin,base_form_suffix_extended_K4,40814041439,hmm_space_free,categorical_hmm,16,106,10000,7574156243054058733,3.4898787880695537,3.017911605222622,0.4719671828469316,0.13523884682195597,0.4409988248266034,0.5019604666314768,1.0,0.0,True,True,4,base_form_suffix_extended
latin_udante_ud218,Latin,base_form_suffix_extended_K4,40814041439,hmm_token_aware,categorical_hmm,16,106,10000,3467665532893315108,3.092365733943716,2.6284485844110277,0.46391714953268837,0.15002014297353228,0.43788057517495477,0.49023369499412833,1.0,0.0,True,True,4,base_form_suffix_extended
latin_udante_ud218,Latin,base_form_suffix_extended_K4,40814041439,slot_grammar,finite_template_slot_grammar,16,106,10000,2000905332055878551,3.2519142692538097,2.616852589886052,0.6350616793677575,0.1952885675284054,0.6126998311824817,0.6576602839441734,1.0,0.0,True,True,4,base_form_suffix_extended
latin_udante_ud218,Latin,base_form_suffix_extended_K4,40814041439,token_markov,exact_token_markov,1,106,10000,7019483211874436466,2.3670435389383155,2.616852589886052,-0.24980905094773664,-0.10553631432558386,-0.284131388719971,-0.21756366458068346,0.0,1.0,False,False,4,base_form_suffix_extended
latin_udante_ud218,Latin,base_form_suffix_extended_K4,40814041439,copy_edit,local_copy_edit,16,106,10000,9027273499389484957,3.9302951256529357,2.616852589886052,1.3134425357668835,0.3341842008744019,1.2785230932935225,1.3480170554969277,1.0,0.0,True,True,4,base_form_suffix_extended
latin_udante_ud218,Latin,base_form_suffix_extended_K4,40814041440,hmm_space_free,categorical_hmm,16,106,10000,7278074762698016935,3.5193974089813507,3.018008759530915,0.5013886494504356,0.14246434579138845,0.47065026411985084,0.5308824463067461,1.0,0.0,True,True,4,base_form_suffix_extended
latin_udante_ud218,Latin,base_form_suffix_extended_K4,40814041440,hmm_token_aware,categorical_hmm,16,106,10000,620078797481396711,3.0609692233506167,2.627992880153759,0.4329763431968576,0.1414507339354789,0.4054440104861896,0.45929699965112486,1.0,0.0,True,True,4,base_form_suffix_extended
latin_udante_ud218,Latin,base_form_suffix_extended_K4,40814041440,slot_grammar,finite_template_slot_grammar,16,106,10000,3391996156131420588,3.253455157353918,2.6170000067273853,0.6364551506265328,0.19562438080264521,0.6147638951655235,0.657896216780287,1.0,0.0,True,True,4,base_form_suffix_extended
latin_udante_ud218,Latin,base_form_suffix_extended_K4,40814041440,token_markov,exact_token_markov,1,106,10000,253685749161912212,2.3704727312429243,2.6170000067273853,-0.24652727548446096,-0.1039992032961281,-0.2823869340874597,-0.21330175693395775,0.0,1.0,False,False,4,base_form_suffix_extended
latin_udante_ud218,Latin,base_form_suffix_extended_K4,40814041440,copy_edit,local_copy_edit,16,106,10000,5643457778321017968,3.9300929786566488,2.6170000067273853,1.3130929719292634,0.33411244442824706,1.277478436686818,1.3477673888981667,1.0,0.0,True,True,4,base_form_suffix_extended
latin_udante_ud218,Latin,base_form_suffix_extended_K4,40814041441,hmm_space_free,categorical_hmm,16,106,10000,3814309146488998617,3.4958958590772693,3.0238194451626303,0.47207641391463895,0.13503732174654703,0.4416415775972004,0.5024670039521786,1.0,0.0,True,True,4,base_form_suffix_extended
latin_udante_ud218,Latin,base_form_suffix_extended_K4,40814041441,hmm_token_aware,categorical_hmm,16,106,10000,4356934300818569840,3.0689447778464922,2.6300637469268753,0.43888103091961694,0.14300714502513268,0.41254338937568086,0.4646742682221574,1.0,0.0,True,True,4,base_form_suffix_extended
latin_udante_ud218,Latin,base_form_suffix_extended_K4,40814041441,slot_grammar,finite_template_slot_grammar,16,106,10000,4296096952898637726,3.2584834870658463,2.6183859447078777,0.6400975423579687,0.1964403210569451,0.6180821520404913,0.6628625605372499,1.0,0.0,True,True,4,base_form_suffix_extended
latin_udante_ud218,Latin,base_form_suffix_extended_K4,40814041441,token_markov,exact_token_markov,1,106,10000,2362780205909351827,2.3767722905804973,2.6183859447078777,-0.24161365412738034,-0.10165620622763538,-0.27998553886656447,-0.204877539162992,0.0,1.0,False,False,4,base_form_suffix_extended
latin_udante_ud218,Latin,base_form_suffix_extended_K4,40814041441,copy_edit,local_copy_edit,16,106,10000,3871118832116174660,3.9307317431816173,2.6183859447078777,1.3123457984737397,0.33386806432420113,1.2775429277095216,1.3479737440666693,1.0,0.0,True,True,4,base_form_suffix_extended
latin_udante_ud218,Latin,base_form_suffix_extended_K4,40814041442,hmm_space_free,categorical_hmm,16,106,10000,1217203851646963248,3.510772656791239,3.0259207118847242,0.48485194490651473,0.13810405637306555,0.4533756205661491,0.5160272895444856,1.0,0.0,True,True,4,base_form_suffix_extended
latin_udante_ud218,Latin,base_form_suffix_extended_K4,40814041442,hmm_token_aware,categorical_hmm,16,106,10000,1579630199783940161,3.0775370371227506,2.6316016498908823,0.4459353872318683,0.14490008791211229,0.41882154795231474,0.47152772282727157,1.0,0.0,True,True,4,base_form_suffix_extended
latin_udante_ud218,Latin,base_form_suffix_extended_K4,40814041442,slot_grammar,finite_template_slot_grammar,16,106,10000,3057286042821686591,3.2615943643603313,2.619032214382209,0.6425621499781222,0.19700860321548364,0.6200993471749366,0.6649381340410581,1.0,0.0,True,True,4,base_form_suffix_extended
latin_udante_ud218,Latin,base_form_suffix_extended_K4,40814041442,token_markov,exact_token_markov,1,106,10000,1408794942208942935,2.389783431298835,2.619032214382209,-0.22924878308337426,-0.09592868545363498,-0.26679779379758906,-0.19339779317989697,0.0,1.0,False,False,4,base_form_suffix_extended
latin_udante_ud218,Latin,base_form_suffix_extended_K4,40814041442,copy_edit,local_copy_edit,16,106,10000,4248883585060531600,3.9339570963982227,2.619032214382209,1.3149248820160135,0.33424992947175436,1.280738720450573,1.3492178166224686,1.0,0.0,True,True,4,base_form_suffix_extended
latin_udante_ud218,Latin,base_form_suffix_extended_K8,40814041438,hmm_space_free,categorical_hmm,16,106,10000,5706854360600455234,3.669569623271268,3.186314046570574,0.4832555767006941,0.13169271231046753,0.45138046096067824,0.5139217470922416,1.0,0.0,True,True,8,base_form_suffix_extended
latin_udante_ud218,Latin,base_form_suffix_extended_K8,40814041438,hmm_token_aware,categorical_hmm,16,106,10000,6127736346291589255,3.225787965307634,2.763451262241599,0.4623367030660348,0.14332519931202092,0.436362605641419,0.4880218476484062,1.0,0.0,True,True,8,base_form_suffix_extended
latin_udante_ud218,Latin,base_form_suffix_extended_K8,40814041438,slot_grammar,finite_template_slot_grammar,16,106,10000,6781973040357570544,3.3923135132403086,2.7517826583594838,0.6405308548808248,0.18881829535531214,0.6192367429164827,0.6616490004002618,1.0,0.0,True,True,8,base_form_suffix_extended
latin_udante_ud218,Latin,base_form_suffix_extended_K8,40814041438,token_markov,exact_token_markov,1,106,10000,5487190421942193317,2.599837931666732,2.7517826583594838,-0.1519447266927516,-0.058443922539179516,-0.18069652761447438,-0.12430579990101935,0.0,1.0,False,False,8,base_form_suffix_extended
latin_udante_ud218,Latin,base_form_suffix_extended_K8,40814041438,copy_edit,local_copy_edit,16,106,10000,907294478803980059,4.095757974326126,2.7517826583594838,1.3439753159666425,0.32813836276245456,1.3104420920806565,1.377487243212805,1.0,0.0,True,True,8,base_form_suffix_extended
latin_udante_ud218,Latin,base_form_suffix_extended_K8,40814041439,hmm_space_free,categorical_hmm,16,106,10000,5375778361979641690,3.667744698211228,3.1849911973393144,0.4827535008719135,0.1316213478837157,0.4516785377057936,0.5131914862327634,1.0,0.0,True,True,8,base_form_suffix_extended
latin_udante_ud218,Latin,base_form_suffix_extended_K8,40814041439,hmm_token_aware,categorical_hmm,16,106,10000,4770425844747471404,3.2392987989213244,2.765489299990584,0.4738094989307404,0.1462691552531421,0.44842018349750595,0.4993656865570042,1.0,0.0,True,True,8,base_form_suffix_extended
latin_udante_ud218,Latin,base_form_suffix_extended_K8,40814041439,slot_grammar,finite_template_slot_grammar,16,106,10000,1334544215567747811,3.3968370842971236,2.7525906606966637,0.6442464236004599,0.18966067774597672,0.6208925113202137,0.6684836474399318,1.0,0.0,True,True,8,base_form_suffix_extended
latin_udante_ud218,Latin,base_form_suffix_extended_K8,40814041439,token_markov,exact_token_markov,1,106,10000,6382995307710526968,2.603674361417546,2.7525906606966637,-0.14891629927911776,-0.05719467130215228,-0.17793582413624306,-0.12066754017485413,0.0,1.0,False,False,8,base_form_suffix_extended
latin_udante_ud218,Latin,base_form_suffix_extended_K8,40814041439,copy_edit,local_copy_edit,16,106,10000,5101475249418096002,4.094656451034347,2.7525906606966637,1.3420657903376836,0.32776029109808846,1.3091812351215582,1.3753695358634246,1.0,0.0,True,True,8,base_form_suffix_extended
latin_udante_ud218,Latin,base_form_suffix_extended_K8,40814041440,hmm_space_free,categorical_hmm,16,106,10000,7017367535479643107,3.653722369559936,3.1826677244023704,0.4710546451575657,0.12892458635665327,0.43886749001681524,0.5022899711603886,1.0,0.0,True,True,8,base_form_suffix_extended
latin_udante_ud218,Latin,base_form_suffix_extended_K8,40814041440,hmm_token_aware,categorical_hmm,16,106,10000,1939239737802925605,3.198611207918566,2.7636516342192157,0.43495957369935034,0.13598388344996515,0.4085245222387983,0.46026499478513716,1.0,0.0,True,True,8,base_form_suffix_extended
latin_udante_ud218,Latin,base_form_suffix_extended_K8,40814041440,slot_grammar,finite_template_slot_grammar,16,106,10000,7124799354291300556,3.3901623550094113,2.7515711903902034,0.638591164619208,0.18836595352892338,0.6171726517295062,0.6606792443296704,1.0,0.0,True,True,8,base_form_suffix_extended
latin_udante_ud218,Latin,base_form_suffix_extended_K8,40814041440,token_markov,exact_token_markov,1,106,10000,9115793976111512382,2.6162084745828142,2.7515711903902034,-0.13536271580738912,-0.051740034145778324,-0.16502205156421165,-0.10694433879628804,0.0,1.0,False,False,8,base_form_suffix_extended
latin_udante_ud218,Latin,base_form_suffix_extended_K8,40814041440,copy_edit,local_copy_edit,16,106,10000,3627993562712759785,4.095827009712713,2.7515711903902034,1.3442558193225098,0.3282013171295527,1.3105487494892494,1.3793440706416538,1.0,0.0,True,True,8,base_form_suffix_extended
latin_udante_ud218,Latin,base_form_suffix_extended_K8,40814041441,hmm_space_free,categorical_hmm,16,106,10000,5491984264626086880,3.6746234399831295,3.1938828464565767,0.48074059352655274,0.13082717219284912,0.44817448436804375,0.5124609580316042,1.0,0.0,True,True,8,base_form_suffix_extended
latin_udante_ud218,Latin,base_form_suffix_extended_K8,40814041441,hmm_token_aware,categorical_hmm,16,106,10000,5534184897749541481,3.208308881679426,2.7680108493891122,0.44029803229031383,0.1372367962463249,0.41421061221436933,0.4657659107002892,1.0,0.0,True,True,8,base_form_suffix_extended
latin_udante_ud218,Latin,base_form_suffix_extended_K8,40814041441,slot_grammar,finite_template_slot_grammar,16,106,10000,593345610864655365,3.3943488291777126,2.754513813395297,0.6398350157824155,0.18850007703463312,0.6151759257316651,0.6637510180469074,1.0,0.0,True,True,8,base_form_suffix_extended
latin_udante_ud218,Latin,base_form_suffix_extended_K8,40814041441,token_markov,exact_token_markov,1,106,10000,5619380658852830580,2.61359231876258,2.754513813395297,-0.14092149463271708,-0.05391869788607173,-0.17092434243100313,-0.11288229037001399,0.0,1.0,False,False,8,base_form_suffix_extended
latin_udante_ud218,Latin,base_form_suffix_extended_K8,40814041441,copy_edit,local_copy_edit,16,106,10000,4525799680187268939,4.096536496451227,2.754513813395297,1.34202268305593,0.3275993474532708,1.3068772854410209,1.377171213038865,1.0,0.0,True,True,8,base_form_suffix_extended
latin_udante_ud218,Latin,base_form_suffix_extended_K8,40814041442,hmm_space_free,categorical_hmm,16,106,10000,7716820579280487841,3.662948477561619,3.19298697270653,0.4699615048550889,0.12830142376666365,0.4373645710291036,0.5021573338927596,1.0,0.0,True,True,8,base_form_suffix_extended
latin_udante_ud218,Latin,base_form_suffix_extended_K8,40814041442,hmm_token_aware,categorical_hmm,16,106,10000,7635378083810187310,3.2146904778310668,2.767877958179123,0.4468125196519437,0.13899083682650715,0.41947779062753154,0.473203131540853,1.0,0.0,True,True,8,base_form_suffix_extended
latin_udante_ud218,Latin,base_form_suffix_extended_K8,40814041442,slot_grammar,finite_template_slot_grammar,16,106,10000,3160205758936003255,3.3944393754553026,2.7544509930912753,0.6399883823640273,0.1885402305286965,0.6185944587798398,0.6614444966189925,1.0,0.0,True,True,8,base_form_suffix_extended
latin_udante_ud218,Latin,base_form_suffix_extended_K8,40814041442,token_markov,exact_token_markov,1,106,10000,2595746177379477692,2.6251607123178635,2.7544509930912753,-0.12929028077341176,-0.049250424999411235,-0.15892702396313196,-0.10137135319156387,0.0,1.0,False,False,8,base_form_suffix_extended
latin_udante_ud218,Latin,base_form_suffix_extended_K8,40814041442,copy_edit,local_copy_edit,16,106,10000,1858362383353693027,4.102081975487111,2.7544509930912753,1.3476309823958355,0.3285236595584631,1.3146988997119535,1.3804547297900374,1.0,0.0,True,True,8,base_form_suffix_extended
latin_udante_ud218,Latin,base_form_suffix_extended_K16,40814041438,hmm_space_free,categorical_hmm,16,106,10000,3849594831320714877,3.8414807425294923,3.362787077563452,0.47869366496604027,0.12461175704107152,0.4466710266824136,0.510578635304913,1.0,0.0,True,True,16,base_form_suffix_extended
latin_udante_ud218,Latin,base_form_suffix_extended_K16,40814041438,hmm_token_aware,categorical_hmm,16,106,10000,2620530154312596826,3.3608730348380234,2.903723017190838,0.45715001764718544,0.13602121023569635,0.43143309898161897,0.4836367648030348,1.0,0.0,True,True,16,base_form_suffix_extended
latin_udante_ud218,Latin,base_form_suffix_extended_K16,40814041438,slot_grammar,finite_template_slot_grammar,16,106,10000,2333744107547183544,3.5294857457838216,2.890157072098224,0.6393286736855974,0.18113932729415694,0.6164832295157745,0.662454237603039,1.0,0.0,True,True,16,base_form_suffix_extended
latin_udante_ud218,Latin,base_form_suffix_extended_K16,40814041438,token_markov,exact_token_markov,1,106,10000,8509843935685315679,2.82173553469268,2.890157072098224,-0.06842153740554435,-0.024248033369646205,-0.08972460202359793,-0.048304426564940536,0.0,1.0,False,False,16,base_form_suffix_extended
latin_udante_ud218,Latin,base_form_suffix_extended_K16,40814041438,copy_edit,local_copy_edit,16,106,10000,1742072813864715841,4.254601456725563,2.890157072098224,1.364444384627339,0.32069851865219035,1.3324350422913005,1.3964721936616173,1.0,0.0,True,True,16,base_form_suffix_extended
latin_udante_ud218,Latin,base_form_suffix_extended_K16,40814041439,hmm_space_free,categorical_hmm,16,106,10000,2972390933439568379,3.8342837533848666,3.3618019845072444,0.47248176887762217,0.12322556160861076,0.4408733880723736,0.5025901474644376,1.0,0.0,True,True,16,base_form_suffix_extended
latin_udante_ud218,Latin,base_form_suffix_extended_K16,40814041439,hmm_token_aware,categorical_hmm,16,106,10000,3696901318866357356,3.3275428605538337,2.9070681422169624,0.42047471833687133,0.1263619240855962,0.3931465915255605,0.4470643983950181,1.0,0.0,True,True,16,base_form_suffix_extended
latin_udante_ud218,Latin,base_form_suffix_extended_K16,40814041439,slot_grammar,finite_template_slot_grammar,16,106,10000,2398116925464651444,3.5184006972578556,2.891248686397989,0.6271520108598665,0.17824917194583656,0.6052159465908804,0.6486969550501019,1.0,0.0,True,True,16,base_form_suffix_extended
latin_udante_ud218,Latin,base_form_suffix_extended_K16,40814041439,token_markov,exact_token_markov,1,106,10000,279036661155109224,2.8301947901345876,2.891248686397989,-0.06105389626340152,-0.0215723301011721,-0.08265982095473448,-0.040013320918088326,0.0,1.0,False,False,16,base_form_suffix_extended
latin_udante_ud218,Latin,base_form_suffix_extended_K16,40814041439,copy_edit,local_copy_edit,16,106,10000,7234628669947013235,4.253789062149871,2.891248686397989,1.3625403757518821,0.32031216307262134,1.3294518717530015,1.3957327295810458,1.0,0.0,True,True,16,base_form_suffix_extended
latin_udante_ud218,Latin,base_form_suffix_extended_K16,40814041440,hmm_space_free,categorical_hmm,16,106,10000,5129167660679885384,3.8213420603397332,3.3662634301701284,0.4550786301696048,0.11908869265923472,0.4236532937489766,0.4865921603611011,1.0,0.0,True,True,16,base_form_suffix_extended
latin_udante_ud218,Latin,base_form_suffix_extended_K16,40814041440,hmm_token_aware,categorical_hmm,16,106,10000,7467510568937944845,3.32932347487403,2.9059280631975715,0.42339541167645844,0.1271716055444202,0.3961748223731579,0.4505199047043298,1.0,0.0,True,True,16,base_form_suffix_extended
latin_udante_ud218,Latin,base_form_suffix_extended_K16,40814041440,slot_grammar,finite_template_slot_grammar,16,106,10000,7449775626465098723,3.5243488201354283,2.8913529936933684,0.6329958264420599,0.17960646313600026,0.6093545496419414,0.6570598633907985,1.0,0.0,True,True,16,base_form_suffix_extended
latin_udante_ud218,Latin,base_form_suffix_extended_K16,40814041440,token_markov,exact_token_markov,1,106,10000,901750419543158593,2.8356196156273654,2.8913529936933684,-0.05573337806600298,-0.019654744154981696,-0.08257130614734828,-0.03160640048832644,0.0,1.0,False,False,16,base_form_suffix_extended
latin_udante_ud218,Latin,base_form_suffix_extended_K16,40814041440,copy_edit,local_copy_edit,16,106,10000,1309286894867618559,4.2537982948411885,2.8913529936933684,1.3624453011478201,0.32028911732841947,1.329951055525929,1.39478325316874,1.0,0.0,True,True,16,base_form_suffix_extended
latin_udante_ud218,Latin,base_form_suffix_extended_K16,40814041441,hmm_space_free,categorical_hmm,16,106,10000,2303675617597273082,3.817345236173201,3.375261191012872,0.4420840451603292,0.1158092909625088,0.4095638909781751,0.4733945629261497,1.0,0.0,True,True,16,base_form_suffix_extended
latin_udante_ud218,Latin,base_form_suffix_extended_K16,40814041441,hmm_token_aware,categorical_hmm,16,106,10000,9133245266769720959,3.340473835392127,2.911478589545369,0.42899524584675763,0.12842347133558651,0.4022898155186597,0.45520459779315603,1.0,0.0,True,True,16,base_form_suffix_extended
latin_udante_ud218,Latin,base_form_suffix_extended_K16,40814041441,slot_grammar,finite_template_slot_grammar,16,106,10000,563034366465393549,3.5306294282493362,2.8962250466224555,0.6344043816268807,0.1796859156474686,0.6123740102211997,0.6561640589889838,1.0,0.0,True,True,16,base_form_suffix_extended
latin_udante_ud218,Latin,base_form_suffix_extended_K16,40814041441,token_markov,exact_token_markov,1,106,10000,5107124077602094663,2.8379431672851565,2.8962250466224555,-0.058281879337299,-0.02053666190681791,-0.08116217398163586,-0.03658865755076004,0.0,1.0,False,False,16,base_form_suffix_extended
latin_udante_ud218,Latin,base_form_suffix_extended_K16,40814041441,copy_edit,local_copy_edit,16,106,10000,6903337541452118144,4.256712545792703,2.8962250466224555,1.3604874991702474,0.31960990659680355,1.3269743713854627,1.3941065313064054,1.0,0.0,True,True,16,base_form_suffix_extended
latin_udante_ud218,Latin,base_form_suffix_extended_K16,40814041442,hmm_space_free,categorical_hmm,16,106,10000,5913329767870518523,3.829798341046251,3.3681003155702762,0.4616980254759748,0.12055413480330801,0.4318844537290637,0.4912301051082538,1.0,0.0,True,True,16,base_form_suffix_extended
latin_udante_ud218,Latin,base_form_suffix_extended_K16,40814041442,hmm_token_aware,categorical_hmm,16,106,10000,7854446409037213120,3.33863541376116,2.906316489038476,0.4323189247226842,0.12948970796294668,0.40615334081352356,0.45812877675787606,1.0,0.0,True,True,16,base_form_suffix_extended
latin_udante_ud218,Latin,base_form_suffix_extended_K16,40814041442,slot_grammar,finite_template_slot_grammar,16,106,10000,5714647245592846703,3.521285492764012,2.890744844107477,0.630540648656535,0.17906547195683253,0.6093452293939409,0.6522198439778538,1.0,0.0,True,True,16,base_form_suffix_extended
latin_udante_ud218,Latin,base_form_suffix_extended_K16,40814041442,token_markov,exact_token_markov,1,106,10000,6218234992814023557,2.8297244006716733,2.890744844107477,-0.061020443435803706,-0.021564094164548075,-0.08347536440343885,-0.038967398015051245,0.0,1.0,False,False,16,base_form_suffix_extended
latin_udante_ud218,Latin,base_form_suffix_extended_K16,40814041442,copy_edit,local_copy_edit,16,106,10000,3998616941058868119,4.258601099832221,2.890744844107477,1.3678562557247442,0.3211984930400348,1.3349001894018184,1.4003525273926352,1.0,0.0,True,True,16,base_form_suffix_extended
